,name,rt_location,rt_rate,friend_area,sky_location,sky_rate,picture
1,Bulbasaur,"Starter Pokémon, Partner Pokémon, Joyous Tower(1F-5F)",12.5%,Beau Plains,"Starter Pokémon, Partner Pokémon, Mystifying Forest(B1-B13), Mystery Jungle(B1-B29)",8.2%,//archives.bulbagarden.net/media/upload/f/fa/MDP_E_001.png
2,Ivysaur,Western Cave(B19F-B27F),-19%,Beau Plains,"Mystifying Forest(B1-B13), Sky Peak(1st Station Pass 1F-6th Station Pass 3F), Mystery Jungle(B1-B29)",-10%,//archives.bulbagarden.net/media/upload/3/34/MDP_E_002.png
3,Venusaur,"Evolve, Ivysaur",Evolve,Beau Plains,Mystery Jungle(1F-29F),-12%,//archives.bulbagarden.net/media/upload/8/8c/MDP_E_003.png
4,Charmander,"Starter Pokémon, Partner Pokémon, Fiery Field(5F-8F)",11.7%,Mt. Cleft,"Starter Pokémon, Partner Pokémon, Dark Crater(B1F-B10F), Giant Volcano(1F-10F)",8.2%,//archives.bulbagarden.net/media/upload/1/17/MDP_RT_004.png
5,Charmeleon,Fiery Field(26F-29F),-19%,Mt. Cleft,"Giant Volcano(1F-19F), Dark Crater(B1F-B15F, Deep Dark Crater B1F-B5F)",-10%,//archives.bulbagarden.net/media/upload/d/d2/MDP_E_005.png
6,Charizard,"Evolve, Charmeleon",Evolve,Mt. Cleft,"Spacial Rift(B1F-B15F, Deep Spacial Rift B1F-B9F), Deep, Dark Crater(B6F-B14F)",-12%,//archives.bulbagarden.net/media/upload/c/c6/MDP_RT_006.png
7,Squirtle,"Starter Pokémon, Partner Pokémon, Waterfall Pond(B8F-B12F)",11.7%,Turtleshell Pond,"Starter Pokémon, Partner Pokémon, Lake Afar(B1F-B8F)",8.2%,//archives.bulbagarden.net/media/upload/c/c1/MDP_E_007.png
8,Wartortle,Northwind Field(27F-29F),-19%,Turtleshell Pond,Lake Afar(B9F-B16F),-10%,//archives.bulbagarden.net/media/upload/6/68/MDP_E_008.png
9,Blastoise,Western Cave(B89F-B98F),-33.9%,Turtleshell Pond,Lake Afar(B17F-B24F),-12%,//archives.bulbagarden.net/media/upload/3/3d/MDP_RT_009.png
10,Caterpie,Wish Cave(B2F-B4F),10.2%,Mist-Rise Forest,"Apple Woods(1F-4F), Oran Forest(1F-4F)",8.2%,//archives.bulbagarden.net/media/upload/6/60/MDP_RT_010.png
11,Metapod,Joyous Tower(7F-8F),-19%,Mist-Rise Forest,"Mystifying Forest(B1F-B13F), Sky Peak(1st Station Pass 1F-5th Station Pass 3F), Mystery Jungle(B1F-B29F), Happy Outlook(1F-15F)",-10%,//archives.bulbagarden.net/media/upload/4/41/MDP_RT_011.png
12,Butterfree,"Evolve, Metapod",Evolve,Mist-Rise Forest,Apple Woods(1F-7F),5.5%,//archives.bulbagarden.net/media/upload/3/33/MDP_RT_012.png
13,Weedle,"Silent Chasm(B1F-B6F), Mt. Thunder(1F-4F), Joyous Tower(28F-34F), Oddity Cave(B1F-B4F)",11.4%,Mist-Rise Forest,Apple Woods(4F-9F),8.2%,//archives.bulbagarden.net/media/upload/d/df/MDP_E_013.png
14,Kakuna,Joyous Tower(9F-13F),-19%,Mist-Rise Forest,Apple Woods(8F-12F),5%,//archives.bulbagarden.net/media/upload/f/f9/MDP_E_014.png
15,Beedrill,"Evolve, Kakuna",Evolve,Mist-Rise Forest,"Apple Woods(8F-12F), Midnight Forest(B1-B21)",5%,//archives.bulbagarden.net/media/upload/7/75/MDP_E_015.png
16,Pidgey,Howling Forest(9F-13F),10.1%,Flyaway Forest,"Concealed Ruins(B1F-B10F), World Abyss(B1F-B10F)",8.2%,//archives.bulbagarden.net/media/upload/3/33/MDP_E_016.png
17,Pidgeotto,"Mt. Thunder(2F-5F), Oddity Cave(B5F)",-19%,Flyaway Forest,"Concealed Ruins(B11F-B20F), World Abyss(B1F-B20F)",-4.5%,//archives.bulbagarden.net/media/upload/a/a9/MDP_E_017.png
18,Pidgeot,"Evolve, Pidgeotto",Evolve,Flyaway Forest,"Concealed Ruins(B21F-B29F), World Abyss(B21F-B29F), Mt. Mistral(1F-19F)",-10%,//archives.bulbagarden.net/media/upload/c/cf/MDP_E_018.png
19,Rattata,"Thunderwave Cave(B1F-B3F), Wish Cave(B5F-B7F)",9.5%,Wild Plains,"Mystifying Forest(1F-13F), Mystery Jungle(1F-29F)",8.2%,//archives.bulbagarden.net/media/upload/4/40/MDP_E_019.png
20,Raticate,"Evolve, Rattata",Evolve,Wild Plains,"Mystifying Forest(1F-13F), Sky Peak(1st Station Pass 1F - 6th Station Pass 3F), Mystery Jungle(1F-29F), Midnight Forest(B1F-B21F)",-4.5%,//archives.bulbagarden.net/media/upload/6/61/MDP_E_020.png
21,Spearow,"Mt. Steel(1F-4F), Pitfall Valley(B4F-B9F), Remains Island(B9F-B13F)",11.9%,Ravaged Field,"Mystifying Forest(1F-13F), Mystery Jungle(1F-29F)",8.2%,//archives.bulbagarden.net/media/upload/a/ae/MDP_E_021.png
22,Fearow,"Evolve, Spearow",Evolve,Ravaged Field,"Sky Peak(5th Station Pass 4F - Sky Peak Summit Pass 5F), Mt. Travail(1F-19F), Mt. Mistral(1F-19F)",-4.5%,//archives.bulbagarden.net/media/upload/4/4f/MDP_E_022.png
23,Ekans,Western Cave(B3F-B5F),12.4%,Wild Plains,Shimmer Desert(1F-9F),0.5%,//archives.bulbagarden.net/media/upload/a/ae/MDP_RT_023.png
24,Arbok,"Evolve, Ekans",Evolve,Wild Plains,Shimmer Desert(1F-9F),-12%,//archives.bulbagarden.net/media/upload/e/e5/MDP_E_024.png
25,Pikachu,"Starter Pokémon, Partner Pokémon, Lightning Field(6F-10F)",-19%,Energetic Forest,"Starter Pokémon, Partner Pokémon, Amp Plains(9F-10F, Far Amp Plains 1F-4F)",8.2%,//archives.bulbagarden.net/media/upload/6/68/MDP_RT_025.png
26,Raichu,"Evolve, Pikachu",Evolve,Energetic Forest,Sky Stairway(1F-49F),-12%,//archives.bulbagarden.net/media/upload/4/46/MDP_E_026.png
27,Sandshrew,"Magma Cavern(B1F-B6F), Buried Relic(B36F-B59F), Desert Region(1F-6F), Joyous Tower(68F-73F)",10.4%,Furnace Desert,"Northern Desert(1F-15F), Shimmer Desert(1F-9F)",8.2%,//archives.bulbagarden.net/media/upload/4/4d/MDP_E_027.png
28,Sandslash,"Evolve, Sandshrew",Evolve,Furnace Desert,"Quicksand Cave(B1F-B10F, Quicksand Pit B1F-B10F), Shimmer Desert(1F-9F)",0.5%,//archives.bulbagarden.net/media/upload/b/b1/MDP_E_028.png
29,Nidoran♀,Thunderwave Cave(B1F-B3F),13.3%,Safari,"Mystifying Forest(1F-13F), Mystery Jungle(1F-29F)",8.2%,//archives.bulbagarden.net/media/upload/a/a1/MDP_E_029.png
30,Nidorina,"Lapis Cave(B4F-B8F), Wish Cave(B47F-B50F)",-19%,Safari,"Mt. Bristle(4F-9F), Labyrinth Cave(B1F-B9F)",0.5%,//archives.bulbagarden.net/media/upload/d/d7/MDP_E_030.png
31,Nidoqueen,"Evolve, Nidorina",Evolve,Safari,"Concealed Ruins(B1F-B29F), World Abyss(B1F-B29F)",-12%,//archives.bulbagarden.net/media/upload/a/ab/MDP_E_031.png
32,Nidoran♂,"Mt. Thunder(1F-4F), Wish Cave(B33F-B37F), Oddity Cave(B1F-B4F)",12.6%,Safari,"Mystifying Forest(1F-13F), Mystery Jungle(1F-29F)",8.2%,//archives.bulbagarden.net/media/upload/6/6a/MDP_E_032.png
33,Nidorino,"Lapis Cave(B4F-B8F), Wish Cave(B47F-B50F)",-19%,Safari,"Mt. Bristle(4F-9F), Labyrinth Cave(B1F-B9F)",0.5%,//archives.bulbagarden.net/media/upload/f/f9/MDP_E_033.png
34,Nidoking,"Evolve, Nidorino",Evolve,Safari,Shimmer Desert(1F-9F),-12%,//archives.bulbagarden.net/media/upload/1/1b/MDP_E_034.png
35,Clefairy,Joyous Tower(9F-14F),-19%,Mt. Moonview,Marine Resort(1F-9F),-4.5%,//archives.bulbagarden.net/media/upload/3/3e/MDP_E_035.png
36,Clefable,"Evolve, Clefairy",Evolve,Mt. Moonview,Marine Resort(10F-19F),-12%,//archives.bulbagarden.net/media/upload/8/83/MDP_E_036.png
37,Vulpix,Fiery Field(1F-4F),12.2%,Darkness Ridge,"Starter Pokémon, Partner Pokémon, Sky Stairway(1F-49F)",8.2%,//archives.bulbagarden.net/media/upload/f/f2/MDP_E_037.png
38,Ninetales,"Evolve, Vulpix",Evolve,Darkness Ridge,Treeshroud Forest(10F-20F),-4.5%,//archives.bulbagarden.net/media/upload/a/af/MDP_RT_038.png
39,Jigglypuff,"Wish Cave(B1F-B4F), Joyous Tower(1F-3F)",-19%,Sky Blue Plains,Marine Resort(1F-9F),-4.5%,//archives.bulbagarden.net/media/upload/f/f5/MDP_E_039.png
40,Wigglytuff,"Evolve, Jigglypuff",Evolve,Sky Blue Plains,Marine Resort(10F-19F),-12%,//archives.bulbagarden.net/media/upload/f/fe/MDP_E_040.png
41,Zubat,"Lapis Cave(B1F-B3F), Murky Cave(B1F-B5F)",13.7%,Echo Cave,"Aegis Cave(Ice B1F-B3F, Rock B1F-B3F, Steel B1F-B3F, Pit B1F-B3F, B5F)",5.5%,//archives.bulbagarden.net/media/upload/9/93/MDP_E_041.png
42,Golbat,"Lapis Cave(B11F-B14F), Buried Relic(B1F-B4F), Wish Cave(B46F-B50F), Murky Cave(B6F-B10F)","(B11F-B14F),",Ranger ,"Aegis Cave(Ice B1F-B3F, Rock B1F-B3F, Steel B1F-B3F, Pit B1F-B3F, B5F), Labyrinth Cave(B1F-B9F)",-4.5%,//archives.bulbagarden.net/media/upload/6/68/MDP_E_042.png
43,Oddish,"Sinister Woods(1F-4F), Wyvern Hill(13F-20F)",12%,Jungle,"Apple Woods(1F-6F), Oran Forest(1F-4F), Happy Outlook(B1F-B15F)",8.2%,//archives.bulbagarden.net/media/upload/7/7b/MDP_E_043.png
44,Gloom,Silent Chasm(B1F-B9F),-19%,Jungle,Apple Woods(7F-12F),0.1%,//archives.bulbagarden.net/media/upload/1/1e/MDP_E_044.png
45,Vileplume,"Evolve, Gloom",Evolve,Jungle,Mystery Jungle(1F-29F),-12%,//archives.bulbagarden.net/media/upload/b/bd/MDP_E_045.png
46,Paras,Silent Chasm(B7F-B9F),11.4%,Mushroom Forest,Apple Woods(1F-12F),8.2%,//archives.bulbagarden.net/media/upload/c/c7/MDP_E_046.png
47,Parasect,"Evolve, Paras",Evolve,Mushroom Forest,Mt. Horn(1F-7F),-4.5%,//archives.bulbagarden.net/media/upload/9/91/MDP_E_047.png
48,Venonat,"Uproar Forest(B1F-B4F), Western Cave(B1F-B3F), Murky Cave(B1F-B5F)",11.4%,Secretive Forest,"Mystifying Forest(1F-13F), Mystery Jungle(1F-29F), Midnight Forest(B1F-B21F)",8.2%,//archives.bulbagarden.net/media/upload/8/81/MDP_E_048.png
49,Venomoth,"Evolve, Venonat",Evolve,Secretive Forest,"Mt. Horn(8F-14F), Landslide Cave(B1F-B12F), Mt. Mistral(1F-19F), Midnight Forest(B1F-B21F)",-4.5%,//archives.bulbagarden.net/media/upload/1/10/MDP_E_049.png
50,Diglett,"Southern Cavern(B1F-B7F), Joyous Tower(4F-6F)",10.9%,Boulder Cave,Shimmer Desert(1F-9F),8.2%,//archives.bulbagarden.net/media/upload/a/ab/MDP_E_050.png
51,Dugtrio,"Evolve, Diglett",Evolve,Boulder Cave,Shimmer Desert(1F-9F),-4.5%,//archives.bulbagarden.net/media/upload/b/bd/MDP_E_051.png
52,Meowth,"Starter Pokémon, Western Cave(B3F-B6F)",12%,Energetic Forest,"Partner Pokémon, Happy Outlook(B5F-B15F)",8.2%,//archives.bulbagarden.net/media/upload/5/58/MDP_RT_052.png
53,Persian,"Evolve, Meowth",Evolve,Energetic Forest,Happy Outlook(B1F-B15F),-12%,//archives.bulbagarden.net/media/upload/3/33/MDP_RT_053.png
54,Psyduck,"Starter Pokémon, Joyous Tower(9F-12F)",10.8%,Turtleshell Pond,Waterfall Cave(B1F-B8F),8.2%,//archives.bulbagarden.net/media/upload/0/08/MDP_RT_054.png
55,Golduck,"Evolve, Psyduck",Evolve,Turtleshell Pond,"Blizzard Island(1F-20F), Crevice Cave(B1F-B10F, Lower Crevice Cave B1F-B4F), Mt. Avalanche(12F-19F)",-12%,//archives.bulbagarden.net/media/upload/5/50/MDP_E_055.png
56,Mankey,Uproar Forest(B8F-B9F),10.9%,Energetic Forest,Mt. Travail(1F-19F),8.2%,//archives.bulbagarden.net/media/upload/9/9b/MDP_E_056.png
57,Primeape,"Evolve, Mankey",Evolve,Energetic Forest,"Sky Peak(4th Station Pass 2F - Sky Peak Summit Pass 5F), Mt. Travail(1F-19F), Shimmer Hill(1F-17F)",-4.5%,//archives.bulbagarden.net/media/upload/1/17/MDP_E_057.png
58,Growlithe,"Mt. Thunder(9F-10F, Mt. Thunder Peak 1F-2F)",10.6%,Scorched Plains,"Dark Crater(B1F-B13F), Giant Volcano(1F-10F)",8.2%,//archives.bulbagarden.net/media/upload/3/39/MDP_E_058.png
59,Arcanine,"Evolve, Growlithe",Evolve,Scorched Plains,"Dark Crater(B6F-B15F, Deep Dark Crater B1F-B9F), Giant Volcano(1F-19F), Shimmer Hill(1F-17F)",-12%,//archives.bulbagarden.net/media/upload/9/90/MDP_E_059.png
60,Poliwag,"Silent Chasm(B5F-B9F), Northwind Field(1F-4F), Waterfall Pond(B1F-B5F)",8.1%,Tadpole Pond,"Waterfall Cave(B1F-B8F), Serenity River(B1F-B7F)",6.4%,//archives.bulbagarden.net/media/upload/3/3a/MDP_E_060.png
61,Poliwhirl,"Northwind Field(10F-16F), Waterfall Pond(B9F-B13F)",-19%,Tadpole Pond,Lake Afar(B1F-B12F),0.5%,//archives.bulbagarden.net/media/upload/4/41/MDP_E_061.png
62,Poliwrath,"Evolve, Poliwhirl",Evolve,Tadpole Pond,Lake Afar(B13F-B24F),-4.5%,//archives.bulbagarden.net/media/upload/3/33/MDP_E_062.png
63,Abra,"Buried Relic(B10F, B20F, B30F), Wish Cave(B38F-B42F), Solar Cave(B1F-B8F)",10.4%,Decrepit Lab,Lost Wilderness(B1F-B17F),8.2%,//archives.bulbagarden.net/media/upload/d/da/MDP_E_063.png
64,Kadabra,"Buried Relic(B40F-B49F), Wish Cave(B46F-B50F), Solar Cave(B13F-B20F)",-19%,Decrepit Lab,"Treeshroud Forest(1F-9F), Spacial Rift(B1F-B9F, B11F-B15F, Deep Spacial Rift B1F-B4F, B6F-B9F), Lost Wilderness(B1F-B17F)",-4.5%,//archives.bulbagarden.net/media/upload/e/e1/MDP_E_064.png
65,Alakazam,"Evolve, Kadabra",Evolve,Decrepit Lab,Treeshroud Forest(10F-20F),-12%,//archives.bulbagarden.net/media/upload/7/73/MDP_RT_065.png
66,Machop,"Starter Pokémon, Buried Relic(B4F-B8F), Wish Cave(B17F-B19F, B21F-B25F)",10.5%,Mt. Discipline,"Mt. Bristle(1F-9F), Labyrinth Cave(B1-B9), Final Maze(B1-B48)",8.2%,//archives.bulbagarden.net/media/upload/1/18/MDP_RT_066.png
67,Machoke,"Fiery Field(17F-25F), Buried Relic(B80F-B87F)",-19%,Mt. Discipline,"Aegis Cave(Rock B2F-B3F, Steel B1F-B4F, Pit B1F-B3F)",-4.5%,//archives.bulbagarden.net/media/upload/c/c5/MDP_E_067.png
68,Machamp,"Evolve, Machoke",Evolve,Mt. Discipline,"Aegis Cave(Rock B2F-B3F, Steel B1F-B4F, Pit B1F-B3F)",-10%,//archives.bulbagarden.net/media/upload/1/17/MDP_E_068.png
69,Bellsprout,Wish Cave(B1F-B3F),9.3%,Jungle,"Mystifying Forest(1F-13F), Mystery Jungle(1F-29F), Midnight Forest(B1F-B21F)",8.2%,//archives.bulbagarden.net/media/upload/7/7e/MDP_E_069.png
70,Weepinbell,"Evolve, Bellsprout",-19%,Jungle,"Mystifying Forest(1F-13F), Sky Peak(1st Station Pass 1F - 6th Station Pass 3F), Mystery Jungle(1F-29F)",-10%,//archives.bulbagarden.net/media/upload/9/9b/MDP_E_070.png
71,Victreebel,"Evolve, Weepinbell",Evolve,Jungle,Mystery Jungle(1F-29F),-12%,//archives.bulbagarden.net/media/upload/8/86/MDP_E_071.png
72,Tentacool,"Stormy Sea(B1F-B8F), Silver Trench(B1F-B9F), Grand Sea(B1F-B9F), Marvelous Sea(B1F-B9F), Fantasy Strait(B1F-B9F)",8.3%,Bountiful Sea,"Brine Cave(B6F-B9F, Lower Brine Cave B1F-B5F)",8.2%,//archives.bulbagarden.net/media/upload/7/75/MDP_E_072.png
73,Tentacruel,"Stormy Sea(B31F-B39F), Silver Trench(B35F-B44F), Grand Sea(B21F-B30F)","(B31F-B39F),",MD Time,"Surrounded Sea(B1F-B20F), Miracle Sea(B1F-B18F, Deep Miracle Sea B1F-B3F), Bottomless Sea(B1F-B49F)",-4.5%,//archives.bulbagarden.net/media/upload/6/62/MDP_E_073.png
74,Geodude,"Mt. Steel(5F-8F), Buried Relic(B16F-B20F), Wish Cave(B12F-B14F), Southern Cavern(B1F-B6F)",9.1%,Mt. Deepgreen,Mt. Bristle(1F-9F),8.2%,//archives.bulbagarden.net/media/upload/e/ef/MDP_E_074.png
75,Graveler,"Magma Cavern(B5F-B10F), Buried Relic(B74F-B76F), Wish Cave(B72F-B75F), Southern Cavern(B25F-B36F), Joyous Tower(68F-73F)","(B5F-B10F),",Ranger ,Crystal Cave(B1F-B6F),0.5%,//archives.bulbagarden.net/media/upload/e/ec/MDP_E_075.png
76,Golem,"Magma Cavern(B15F-B20F), Mt. Faraway(10F-19F), Buried Relic(B91-B99F), Wish Cave(B76F-B79F), Southern Cavern(B40F-B50F), Joyous Tower(74F-79F)","(B15F-B20F),",Ranger ,Crystal Cave(B8F-B11F),0.5%,//archives.bulbagarden.net/media/upload/7/73/MDP_RT_076.png
77,Ponyta,Joyous Tower(57F-59F),10.9%,Scorched Plains,"Dark Crater(B1F-B13F), Giant Volcano(1F-8F)",8.2%,//archives.bulbagarden.net/media/upload/5/51/MDP_E_077.png
78,Rapidash,"Evolve, Ponyta",Evolve,Scorched Plains,"Dark Crater(B4F-B15F, Deep Dark Crater B1F-B9F), Giant Volcano(1F-19F)",-4.5%,//archives.bulbagarden.net/media/upload/1/1d/MDP_E_078.png
79,Slowpoke,"Stormy Sea(B11F-B19F), Silver Trench(B6F-B14F), Grand Sea(B6F-B14F), Far-off Sea(B6F-B14F), Marvelous Sea(B6F-B14F), Fantasy Strait(B6F-B14F)",12%,Bountiful Sea,Lake Afar(B1F-B20F),8.2%,//archives.bulbagarden.net/media/upload/4/45/MDP_E_079.png
80,Slowbro,"Evolve, Slowpoke",Evolve,Bountiful Sea,"Surrounded Sea(B1F-B19F), Miracle Sea(B1F-B18F, Deep Miracle Sea B1F-B3F), Marine Resort(1F-19F)",-12%,//archives.bulbagarden.net/media/upload/9/97/MDP_E_080.png
81,Magnemite,"Lightning Field(1F-7F), Wish Cave(1F-3F), automatically recruited when, Friend Areasbecome purchasable","(1F-7F),",Ranger ,"Sky Stairway(1F-25F), Final Maze(B1F-B48F)",8.2%,//archives.bulbagarden.net/media/upload/4/4d/MDP_E_081.png
82,Magneton,"Evolve, Magnemite",Evolve,Power Plant,Sky Stairway(26F-49F),-10%,//archives.bulbagarden.net/media/upload/9/9a/MDP_E_082.png
83,Farfetch'd,"Silent Chasm(B1F-B3F), Pitfall Valley(B1F-B6F), Joyous Tower(23F-27F), Remains Island(B1F-B6F)",7.2%,Wild Plains,"Steam Cave(1F-8F, Upper Steam Cave 1F)",6.4%,//archives.bulbagarden.net/media/upload/8/82/MDP_E_083.png
84,Doduo,"Great Canyon(1F-4F), Pitfall Valley(B7F-B12F), Joyous Tower(35F-39F), Remains Island(B7F-B12F)",7.3%,Safari,"Mt. Bristle(1F-9F), Final Maze(B1F-B48F)",6.4%,//archives.bulbagarden.net/media/upload/7/7b/MDP_E_084.png
85,Dodrio,"Evolve, Doduo",Evolve,Safari,Amp Plains(2F-9F),0.5%,//archives.bulbagarden.net/media/upload/d/d9/MDP_E_085.png
86,Seel,"Mt. Freeze(3F-7F), Stormy Sea(B9F-B14F), Silver Trench(B6F-B14F), Far-off Sea(B6F-B14F), Marvelous Sea(B6F-B14F), Fantasy Strait(B6F-B14F)",3.9%,Ice Floe Beach,Brine Cave(B1F-B5F),3.9%,//archives.bulbagarden.net/media/upload/0/02/MDP_E_086.png
87,Dewgong,"Evolve, Seel",Evolve,Ice Floe Beach,"Brine Cave(B6F-B9F, Lower Brine Cave B1F)",-4.5%,//archives.bulbagarden.net/media/upload/6/6e/MDP_E_087.png
88,Grimer,"Magma Cavern(B15F-B21F), Stormy Sea(B20F-B29F), Silver Trench(B20F-B29F), Wish Cave(B80F-B85F), Murky Cave(B3F-B5F), Joyous Tower(80F-85F), Far-off Sea(B20F-B29F), Marvelous Sea(B20F), Fantasy Strait(B20F-B29F)",12.2%,Poison Swamp,Waterfall Cave(B1F-B8F),6.4%,//archives.bulbagarden.net/media/upload/4/49/MDP_E_088.png
89,Muk,"Evolve, Grimer",Evolve,Poison Swamp,Sky Stairway(1F-49F),-4.5%,//archives.bulbagarden.net/media/upload/7/77/MDP_E_089.png
90,Shellder,"Stormy Sea(B1F-B8F), Silver Trench(B1F-B8F), Far-off Sea(B1F-B8F), Marvelous Sea(B1F-B8F), Fantasy Strait(B1F-B8F)",12.2%,Bountiful Sea,Surrounded Sea(B1F-B5F),6.4%,//archives.bulbagarden.net/media/upload/0/01/MDP_E_090.png
91,Cloyster,"Evolve, Shellder",Evolve,Bountiful Sea,"Miracle Sea(B1F-B18F, Deep Miracle Sea B1F-B3F)",-4.5%,//archives.bulbagarden.net/media/upload/3/32/MDP_E_091.png
92,Gastly,"Buried Relic(B9F-B14F), Darknight Relic(B1F-B6F)",1%,Darkness Ridge,Sky Stairway(1F-15F),8.2%,//archives.bulbagarden.net/media/upload/7/73/MDP_E_092.png
93,Haunter,"Buried Relic(B82F-B93F), Darknight Relic(B7F-B11F)",-19%,Darkness Ridge,Sky Stairway(16F-29F),0.5%,//archives.bulbagarden.net/media/upload/1/15/MDP_E_093.png
94,Gengar,"Evolve, Haunter",Evolve,Darkness Ridge,Sky Stairway(30F-49F),-10%,//archives.bulbagarden.net/media/upload/3/3c/MDP_RT_094.png
95,Onix,"Magma Cavern(B21F-B23F, Magma Cavern Pit B1F), Southern Cavern(B40F-B50F)",9.6%,Boulder Cave,Mt. Travail(8F-14F),1%,//archives.bulbagarden.net/media/upload/1/12/MDP_E_095.png
96,Drowzee,"Buried Relic(B9F-B14F), Solar Cave(B1F-B5F)",7.9%,Wild Plains,"Spacial Rift(B15F, Deep Spacial Rift B1F-B4F)",6.4%,//archives.bulbagarden.net/media/upload/9/9d/MDP_E_096.png
97,Hypno,"Evolve, Drowzee",Evolve,Wild Plains,Spacial Rift(B6F-B9F),-4.5%,//archives.bulbagarden.net/media/upload/e/e8/MDP_E_097.png
98,Krabby,"Silver Trench(B15F-B24F), Grand Sea(B15F-B20F), Far-off Sea(B1F-B10F), Fantasy Strait(B15F-B24F)",8%,Shallow Beach,"Craggy Coast(B1F-B9F), Marine Resort(1F-19F)",6.4%,//archives.bulbagarden.net/media/upload/3/3f/MDP_E_098.png
99,Kingler,"Evolve, Krabby",Evolve,Shallow Beach,Brine Cave(B1F-B8F),-4.5%,//archives.bulbagarden.net/media/upload/c/c2/MDP_E_099.png
100,Voltorb,"Thunderwave Cave(B3F-B5F), Wish Cave(B8F-B10F)",8.1%,Power Plant,"Concealed Ruins(B1F-B15F), World Abyss(B1F-B15F)",6.4%,//archives.bulbagarden.net/media/upload/5/5e/MDP_E_100.png
101,Electrode,"Evolve, Voltorb",Evolve,Power Plant,"Concealed Ruins(B16F-B29F), World Abyss(B1F-B29F)",-4.5%,//archives.bulbagarden.net/media/upload/7/71/MDP_E_101.png
102,Exeggcute,Howling Forest(14F),6%,Jungle,"Lush Prairie(1F-5F), Mystifying Forest(1F-13F), Mystery Jungle(1F-29F)",6%,//archives.bulbagarden.net/media/upload/f/ff/MDP_E_102.png
103,Exeggutor,"Evolve, Exeggcute",Evolve,Jungle,"Apple Woods(4F-12F), Happy Outlook(B1F-B19F)",0.5%,//archives.bulbagarden.net/media/upload/8/83/MDP_E_103.png
104,Cubone,"Starter Pokémon, Southern Cavern(B5F-B10F)",10.5%,Mt. Deepgreen,Northern Desert(1F-7F),8.2%,//archives.bulbagarden.net/media/upload/9/95/MDP_RT_104.png
105,Marowak,"Evolve, Cubone",Evolve,Mt. Deepgreen,"Sky Peak(8th Station Pass 1F - Sky Peak Summit Pass 5F), Mt. Travail(1F-19F)",-4.5%,//archives.bulbagarden.net/media/upload/b/bc/MDP_E_105.png
106,Hitmonlee,"Evolve, Tyrogue",Evolve,Mt. Discipline,"Evolve, Tyrogue",-10%,//archives.bulbagarden.net/media/upload/7/7f/MDP_E_106.png
107,Hitmonchan,"Evolve, Tyrogue",Evolve,Mt. Discipline,"Sky Peak(4th Station Pass 1F - Sky Peak Summit Pass 5F), Mt. Travail(1F-19F)",-12%,//archives.bulbagarden.net/media/upload/4/48/MDP_E_107.png
108,Lickitung,Western Cave(B37F-B44F),8.6%,Sky Blue Plains,"Marine Resort(1F-19F), Lost Wilderness(B1F-B17F)",8.2%,//archives.bulbagarden.net/media/upload/d/dc/MDP_E_108.png
109,Koffing,"Sky Tower(9F-16F), Wish Cave(71F-75F), Joyous Tower(65F-70F)",7.9%,Poison Swamp,"Mystifying Forest(B1F-B13F), Mystery Jungle(B1F-B29F)",6.4%,//archives.bulbagarden.net/media/upload/4/47/MDP_E_109.png
110,Weezing,"Evolve, Koffing",Evolve,Poison Swamp,"Concealed Ruins(B1F-B29F), World Abyss(B1F-B29F)",-12%,//archives.bulbagarden.net/media/upload/b/b1/MDP_E_110.png
111,Rhyhorn,"Frosty Grotto(1F-4F), Buried Relic(61F-73F), Wish Cave(58F-61F), Southern Cavern(31F-39F), Joyous Tower(58F-61F)",7.7%,Safari,"Northern Desert(8F-15F), Shimmer Hill(1F-17F)",6.4%,//archives.bulbagarden.net/media/upload/d/d7/MDP_E_111.png
112,Rhydon,"Evolve, Rhyhorn",Evolve,Safari,Sky Stairway(1F-10F),30%,//archives.bulbagarden.net/media/upload/c/c6/MDP_E_112.png
113,Chansey,"Joyous Tower(50F, 60F, 77F)",6.9%,Sky Blue Plains,Happy Outlook(B12F-B16F),6.9%,//archives.bulbagarden.net/media/upload/0/0a/MDP_E_113.png
114,Tangela,"Lapis Cave(9F-12F), Joyous Tower(47F-50F)",7.4%,Jungle,Waterfall Cave(B1F-B8F),6.4%,//archives.bulbagarden.net/media/upload/c/cb/MDP_E_114.png
115,Kangaskhan,Western Cave(13F-19F),7.6%,Safari,Mt. Travail(1F-19F),6.4%,//archives.bulbagarden.net/media/upload/f/f3/MDP_E_115.png
116,Horsea,"Silver Trench(10F-20F), Grand Sea(10F-20F), Fantasy Strait(B1-B10)",12.4%,Treasure Sea,"Surrounded Sea(B1F-B19F), Miracle Sea(B1F-B18F, Deep Miracle Sea B1F-B3F), Bottomless Sea(B1F-B49F)",8.2%,//archives.bulbagarden.net/media/upload/e/e0/MDP_E_116.png
117,Seadra,"Stormy Sea(30F-39F), Silver Trench(30F-39F), Grand Sea(27F-30F), Fantasy Strait(B30)",-19%,Treasure Sea,"Surrounded Sea(B1F-B19F), Miracle Sea(B1F-B18F, Deep Miracle Sea B1F-B3F), Bottomless Sea(B1F-B49F)",-10%,//archives.bulbagarden.net/media/upload/9/96/MDP_E_117.png
118,Goldeen,Waterfall Pond(1F-5F),11.9%,Rub-a-Dub River,Lake Afar(B1F-B12F),8.2%,//archives.bulbagarden.net/media/upload/5/57/MDP_E_118.png
119,Seaking,"Evolve, Goldeen",Evolve,Rub-a-Dub River,Lake Afar(B7F-B12F),-4.5%,//archives.bulbagarden.net/media/upload/a/ac/MDP_E_119.png
120,Staryu,"Silver Trench(15F-25F), Grand Sea(15F-25F), Fantasy Strait(B15-B25)",8.9%,Bountiful Sea,"Brine Cave(B8F-B9F, Lower Brine Cave B1F-B5F)",8.2%,//archives.bulbagarden.net/media/upload/6/63/MDP_E_120.png
121,Starmie,"Evolve, Staryu",Evolve,Bountiful Sea,"Surrounded Sea(B1F-B19F), Miracle Sea(B1F-B18F, Deep Miracle Sea B1F-B3F), Bottomless Sea(B1F-B49F)",-4.5%,//archives.bulbagarden.net/media/upload/2/2a/MDP_E_121.png
122,Mr. Mime,"Buried Relic(50F-69F), Solar Cave(7F-12F)",7.4%,Decrepit Lab,"Mt. Travail(1F-19F), Lost Wilderness(B1F-B17F)",-4.5%,//archives.bulbagarden.net/media/upload/4/45/MDP_E_122.png
123,Scyther,"Sinister Woods(8F-11F), Pitfall Valley(13F-18F), Joyous Tower(15F-19F), Remains Island(B13-B19)",10%,Overgrown Forest,"Mystifying Forest(B1F-B13F), Midnight Forest(B1F-21F), Mystery Jungle(B1F-B29F)",8.2%,//archives.bulbagarden.net/media/upload/5/56/MDP_E_123.png
124,Jynx,"Evolve, Smoochum",Evolve,Frigid Cavern,"Crevice Cave(B1F-B10F, Lower Crevice Cave B1F-B4F), Mt. Avalanche(B1F-B19F)",-4.5%,//archives.bulbagarden.net/media/upload/5/5d/MDP_E_124.png
125,Electabuzz,"Evolve, Elekid",Evolve,Power Plant,"Amp Plains(10F, Far Amp Plains 1F-9F)",0.5%,//archives.bulbagarden.net/media/upload/4/46/MDP_E_125.png
126,Magmar,"Evolve, Magby",Evolve,Crater,"Steam Cave(2F-7F), Lost Wilderness(B1F-B17F)",0.5%,//archives.bulbagarden.net/media/upload/8/8e/MDP_E_126.png
127,Pinsir,"Mt. Steel(7F-8F), Western Cave(21F-28F), Joyous Tower(9F-11F)",8.3%,Overgrown Forest,Foggy Forest(7F-11F),8.2%,//archives.bulbagarden.net/media/upload/9/93/MDP_E_127.png
128,Tauros,"Great Canyon(10F-12F), Western Cave(10F-16F), Wish Cave(36F-43F), Joyous Tower(41F-44F)",7.9%,Safari,"Amp Plains(1F-9F), Shimmer Hill(1F-17F)",6.4%,//archives.bulbagarden.net/media/upload/a/ae/MDP_E_128.png
129,Magikarp,Waterfall Pond(7F-11F),9.2%,Waterfall Lake,Lake Afar(B1F-B12F),8.2%,//archives.bulbagarden.net/media/upload/d/dc/MDP_E_129.png
130,Gyarados,"Evolve, Magikarp",Evolve,Waterfall Lake,Bottomless Sea(B1F-B25F),-4.5%,//archives.bulbagarden.net/media/upload/f/f6/MDP_E_130.png
131,Lapras,Far-off Sea(45F-50F),6.7%,Mystic Lake,"Surrounded Sea(B10F-B15F), Miracle Sea(B10F-B17F, Deep Miracle Sea B3F), Bottomless Sea(B21F-B25F)",6.7%,//archives.bulbagarden.net/media/upload/8/8a/MDP_E_131.png
132,Ditto,"Frosty Forest(4F-9F), Fiery Field(10F, 20F), Buried Relic(16F-34F), Wish Cave(53F-64F), Joyous Tower(53F-64F), Oddity Cave(B1-B15)",6.8%,Decrepit Lab,Sky Stairway(1F-49F),8.2%,//archives.bulbagarden.net/media/upload/1/16/MDP_E_132.png
133,Eevee,"Starter Pokémon, Joyous Tower(12F-17F)",10.2%,Transform Forest,"Starter Pokémon, Partner Pokémon, Mystifying Forest(1F-13F), Mystery Jungle(1F-29F)",8.2%,//archives.bulbagarden.net/media/upload/c/cc/MDP_E_133.png
134,Vaporeon,"Evolve, Eevee",Evolve,Transform Forest,Lake Afar(B13F-B24F),-12%,//archives.bulbagarden.net/media/upload/2/23/MDP_E_134.png
135,Jolteon,"Evolve, Eevee",Evolve,Transform Forest,"Spacial Rift(B1F-B9F, B11F-B15F, Deep Spacial Rift B1F-B4F, B6F-B9F)",-12%,//archives.bulbagarden.net/media/upload/a/af/MDP_E_135.png
136,Flareon,"Evolve, Eevee",Evolve,Transform Forest,"Dark Crater(B1F-B15F, Deep Dark Crater B1F-B14F), Giant Volcano(1F-19F)",-12%,//archives.bulbagarden.net/media/upload/3/3e/MDP_E_136.png
137,Porygon,Wonder Mailcode,7.6%,Decrepit Lab,Spacial Rift(B3F-B8F),6.4%,//archives.bulbagarden.net/media/upload/5/5b/MDP_E_137.png
138,Omanyte,"Stormy Sea(1F-9F), Silver Trench(1F-9F), Far-off Sea(1F-9F), Marvelous Sea(B1-B9), Fantasy Strait(B1-B9)",8%,Deep-Sea Floor,"Brine Cave(B1-B7), Final Maze(B1-B48)",6.4%,//archives.bulbagarden.net/media/upload/e/ee/MDP_E_138.png
139,Omastar,"Evolve, Omanyte",Evolve,Deep-Sea Floor,"Evolve, Omanyte",-4.5%,//archives.bulbagarden.net/media/upload/5/5c/MDP_E_139.png
140,Kabuto,"Silver Trench(5F-13F), Grand Sea(5F-13F), Fantasy Strait(B5-B13)",7.2%,Deep-Sea Floor,"Beach Cave(B1-B4), Marine Resort(B1-B19), Final Maze(B1-B48)",6.4%,//archives.bulbagarden.net/media/upload/4/48/MDP_E_140.png
141,Kabutops,"Evolve, Kabuto",Evolve,Deep-Sea Floor,Marine Resort(1F-19F),0.5%,//archives.bulbagarden.net/media/upload/f/fe/MDP_E_141.png
142,Aerodactyl,"Sky Tower(21F-25F, Sky Tower Summit 1F-8F), Pitfall Valley(15F-25F), Joyous Tower(90F-99F)",8.4%,Ancient Relic,"Mt. Horn(8F-14F), Mt. Mistral(1F-19F)",8.2%,//archives.bulbagarden.net/media/upload/8/88/MDP_E_142.png
143,Snorlax,Howling Forest(11F-14F),2%,Energetic Forest,Mystery Jungle(1F-29F),-12%,//archives.bulbagarden.net/media/upload/d/dc/MDP_E_143.png
144,Articuno,Frosty Grotto(5F),30%,Legendary Island,Mt. Avalanche(Peak),locked 50%,//archives.bulbagarden.net/media/upload/7/7d/MDP_RT_144.png
145,Zapdos,Mt. ThunderPeak (3F),30%,Legendary Island,Amp Plains(,10%,//archives.bulbagarden.net/media/upload/c/cc/MDP_E_145.png
146,Moltres,Mt. BlazePeak (3F),30%,Legendary Island,Giant Volcano(,30%,//archives.bulbagarden.net/media/upload/1/1f/MDP_RT_146.png
147,Dratini,"Silver Trench(50F-59F), Wyvern Hill(1F-5F), Far-off Sea(50F-59F)",11%,Mystic Lake,"Craggy Coast(B1F-B9F), Marine Resort(1F-19F)",8.2%,//archives.bulbagarden.net/media/upload/5/51/MDP_E_147.png
148,Dragonair,Wyvern Hill(12F-20F),-19%,Mystic Lake,"Brine Cave(B8F-B9F, Lower Brine Cave B1F-B5F)",-4.5%,//archives.bulbagarden.net/media/upload/d/d1/MDP_E_148.png
149,Dragonite,"Evolve, Dragonair",Evolve,Mystic Lake,"Evolve, Dragonair",-10%,//archives.bulbagarden.net/media/upload/d/d2/MDP_E_149.png
150,Mewtwo,Western Cave(99F),99.9%,Cryptic Cave,Sky Stairway(,-22%,//archives.bulbagarden.net/media/upload/3/3b/MDP_RT_150.png
151,Mew,Buried Relic(36F-98F),0.9%,Final Island,Mystery Jungle,40%,//archives.bulbagarden.net/media/upload/9/95/MDP_E_151.png
152,Chikorita,"Starter Pokémon, Partner Pokémon, Joyous Tower(8F-11F)",11.4%,Beau Plains,"Starter Pokémon, Partner Pokémon, Mystifying Forest(1F-13F), Happy Outlook(B1F-B15F), Mystery Jungle(1F-29F)",8.2%,//archives.bulbagarden.net/media/upload/d/d2/MDP_E_152.png
153,Bayleef,Western Cave(20F-27F),-19%,Beau Plains,"Mystifying Forest(B1-B13), Sky Peak(1st Station Pass 1F-6th Station Pass 3F), Mystery Jungle(1F-29F)",10%,//archives.bulbagarden.net/media/upload/d/d2/MDP_E_153.png
154,Meganium,Bayleef,Evolve,Beau Plains,Mystery Jungle(1F-29F),12%,//archives.bulbagarden.net/media/upload/a/aa/MDP_E_154.png
155,Cyndaquil,"Starter Pokémon, Partner Pokémon, Joyous Tower(13F-17F)",11.2%,Scorched Plains,"Starter Pokémon, Partner Pokémon, Dark Crater(B1F-B10F), Giant Volcano(1F-10F)",8.2%,//archives.bulbagarden.net/media/upload/4/4f/MDP_RT_155.png
156,Quilava,Fiery Field(15F-24F),-19%,Scorched Plains,"Dark Crater(B11F-B15F, Deep Dark Crater B1F-B5F), Giant Volcano(1F-19F)",-10%,//archives.bulbagarden.net/media/upload/b/bb/MDP_E_156.png
157,Typhlosion,Quilava,Evolve,Scorched Plains,"Dark Crater(B6F-B9F, B11F-B14F)",-12%,//archives.bulbagarden.net/media/upload/1/14/MDP_E_157.png
158,Totodile,"Starter Pokémon, Partner Pokémon, Wyvern Hill(6F-11F), Waterfall Pond(6F-10F)",11.4%,Rub-a-Dub River,"Starter Pokémon, Partner Pokémon, Lake Afar(B5F-B11F)",8.2%,//archives.bulbagarden.net/media/upload/3/38/MDP_RT_158.png
159,Croconaw,"Northwind Field(27F-29F), Mt. Faraway(30F-39F)",-19%,Rub-a-Dub River,Lake Afar(B1F-B15F),-10%,//archives.bulbagarden.net/media/upload/4/4c/MDP_E_159.png
160,Feraligatr,Western Cave(49F-58F),-33.9%,Rub-a-Dub River,Lake Afar(B16F-B24F),-33.9%,//archives.bulbagarden.net/media/upload/c/c3/MDP_E_160.png
161,Sentret,Sinister Woods(3F-6F),7.3%,Thunder Meadow,"Mt. Travail(1F-19F), Shimmer Hill(1F-17F)",6.4%,//archives.bulbagarden.net/media/upload/7/78/MDP_E_161.png
162,Furret,"Evolve, Sentret",Evolve,Thunder Meadow,"Sky Peak(6th Station Pass 1F-Summit Pass 5F), Mt. Travail(1F-19F)",-4.5%,//archives.bulbagarden.net/media/upload/7/76/MDP_E_162.png
163,Hoothoot,"Sinister Woods(10F-12F), Northern Range(1F-5F), Buried Relic(5F-9F), Remains Island(B1-B3)",7%,Flyaway Forest,Foggy Forest(1F-5F),6.4%,//archives.bulbagarden.net/media/upload/7/7d/MDP_E_163.png
164,Noctowl,"Evolve, Hoothoot",Evolve,Flyaway Forest,Foggy Forest(6F-11F),-10%,//archives.bulbagarden.net/media/upload/1/14/MDP_E_164.png
165,Ledyba,"Sinister Woods(7F-10F), Pitfall Valley(1F-6F), Joyous Tower(22F-25F), Remains Island(B1-B6)",12.1%,Mist-Rise Forest,"Mt. Travail(1F-19F), Midnight Forest(B1F-B21F)",8.2%,//archives.bulbagarden.net/media/upload/6/66/MDP_E_165.png
166,Ledian,Ledyba,Evolve,Mist-Rise Forest,"Mt. Travail(1F-19F), Midnight Forest(B1F-B21F)",-4.5%,//archives.bulbagarden.net/media/upload/6/6f/MDP_E_166.png
167,Spinarak,"Silent Chasm(6F-9F), Northern Range(6F-11F), Wish Cave(26F-32F), Joyous Tower(27F-32F), Remains Island(B16-B20)",7.8%,Secretive Forest,"Mt. Bristle(1F-9F), Final Maze(B1F-B48F)",6.4%,//archives.bulbagarden.net/media/upload/5/55/MDP_E_167.png
168,Ariados,"Evolve, Spinarak",Evolve,Secretive Forest,Mt. Horn(1F-7F),0.5%,//archives.bulbagarden.net/media/upload/d/db/MDP_E_168.png
169,Crobat,"Evolve, Golbat",Evolve,Echo Cave,Aegis Cave(Pit B1-B5),-12%,//archives.bulbagarden.net/media/upload/e/eb/MDP_E_169.png
170,Chinchou,Silver Trench(70F-79F),8.7%,Deep-Sea Floor,"Miracle Sea(B1F-B18F, Deep Miracle Sea B1F-B3F)",8.2%,//archives.bulbagarden.net/media/upload/a/ad/MDP_E_170.png
171,Lanturn,"Evolve, Chinchou",Evolve,Deep-Sea Floor,"Miracle Sea(B1F-B18F, Deep Miracle Sea B1F-B3F)",-4.5%,//archives.bulbagarden.net/media/upload/e/e3/MDP_E_171.png
172,Pichu,Joyous Tower(3F-6F),5.1%,Energetic Forest,"Amp Plains(9F-10F, Far Amp Plains 1F-4F)",5.1%,//archives.bulbagarden.net/media/upload/9/94/MDP_E_172.png
173,Cleffa,Wish Cave(1F-4F),13.1%,Mt. Moonview,Marine Resort(2F-7F),8.2%,//archives.bulbagarden.net/media/upload/e/e3/MDP_E_173.png
174,Igglybuff,"Western Cave(10F-13F), Joyous Tower(40F-46F)",11.3%,Sky Blue Plains,Marine Resort(8F-14F),8.2%,//archives.bulbagarden.net/media/upload/2/23/MDP_E_174.png
175,Togepi,Wish Cave(5F-10F),7.9%,Flyaway Forest,Happy Outlook(B1F-B15F),6.4%,//archives.bulbagarden.net/media/upload/d/d4/MDP_E_175.png
176,Togetic,"Evolve, Togepi",Evolve,Flyaway Forest,Happy Outlook(B1F-B15F),-12%,//archives.bulbagarden.net/media/upload/e/e9/MDP_E_176.png
177,Natu,"Wish Cave(13F-17F), Solar Cave(1F-5F)",9.4%,Flyaway Forest,Mt. Horn(1F-7F),8.2%,//archives.bulbagarden.net/media/upload/7/7e/MDP_E_177.png
178,Xatu,"Evolve, Natu",Evolve,Flyaway Forest,Spacial Rift(B1F-B7F),-4.5%,//archives.bulbagarden.net/media/upload/6/6d/MDP_RT_178.png
179,Mareep,Lightning Field(1F-5F),11.9%,Thunder Meadow,"Amp Plains(1F-7F), Shimmer Hill(1F-17F), Final Maze(B1F-B48F)",8.2%,//archives.bulbagarden.net/media/upload/4/44/MDP_E_179.png
180,Flaaffy,Lightning Field(7F-13F),-19%,Thunder Meadow,"Amp Plains(8F-10F, Far Amp Plains 1F-5F)",0.5%,//archives.bulbagarden.net/media/upload/e/e2/MDP_E_180.png
181,Ampharos,"Evolve, Flaaffy",Evolve,Thunder Meadow,"Amp Plains(6F-9F), Landslide Cave(B1F-B12F)",-4.5%,//archives.bulbagarden.net/media/upload/a/ac/MDP_E_181.png
182,Bellossom,"Evolve, Gloom",Evolve,Jungle,Marine Resort(1F-19F),-4.5%,//archives.bulbagarden.net/media/upload/a/a4/MDP_E_182.png
183,Marill,Wish Cave(4F-6F),-19%,Turtleshell Pond,"Blizzard Island(1F-20F), Crevice Cave(B1F-B10F, Lower Crevice Cave B1F-B4F), Mt. Avalanche(1F-19F)",0.5%,//archives.bulbagarden.net/media/upload/2/2d/MDP_E_183.png
184,Azumarill,"Evolve, Marill",Evolve,Turtleshell Pond,"Blizzard Island(1F-20F), Crevice Cave(B1F-B10F, Lower Crevice Cave B1F-B4F), Mt. Avalanche(B1-B19)",0.5%,//archives.bulbagarden.net/media/upload/c/c3/MDP_E_184.png
185,Sudowoodo,Sinister Woods(1F-4F),10.4%,Overgrown Forest,Shimmer Desert(1F-9F),0.5%,//archives.bulbagarden.net/media/upload/8/8e/MDP_E_185.png
186,Politoed,"Evolve, Poliwhirl",Evolve,Tadpole Pond,Lake Afar(B1F-B24F),-12%,//archives.bulbagarden.net/media/upload/2/2a/MDP_E_186.png
187,Hoppip,"Pitfall Valley(4F-8F), Remains Island(B5-B8)",8.5%,Beau Plains,"Apple Woods(1F-5F), Oran Forest(1F-4F)",8.2%,//archives.bulbagarden.net/media/upload/5/5f/MDP_E_187.png
188,Skiploom,"Great Canyon(1F-3F), Pitfall Valley(15F-20F), Joyous Tower(42F-46F), Remains Island(B15-B20)",-19%,Beau Plains,"Foggy Forest(1F-11F), Tiny Meadow(1F-4F), Lush Prairie(1F-5F)",0.5%,//archives.bulbagarden.net/media/upload/a/af/MDP_E_188.png
189,Jumpluff,"Evolve, Skiploom",Evolve,Beau Plains,"Mt. Mistral(1F-19F), Sky Stairway(1F-49F)",-10%,//archives.bulbagarden.net/media/upload/8/84/MDP_RT_189.png
190,Aipom,Uproar Forest(1F-6F),7.2%,Energetic Forest,"Mystifying Forest(1F-13F), Mystery Jungle(1F-29F)",6.4%,//archives.bulbagarden.net/media/upload/4/41/MDP_E_190.png
191,Sunkern,Wish Cave(1F-3F),5.2%,Jungle,"Happy Outlook(B1F-B15F), Mystery Jungle(1F-29F)",5.2%,//archives.bulbagarden.net/media/upload/2/21/MDP_E_191.png
192,Sunflora,"Evolve, Sunkern",Evolve,Jungle,"Happy Outlook(B1F-B19F), Mystery Jungle(1F-29F)",-12%,//archives.bulbagarden.net/media/upload/8/84/MDP_E_192.png
193,Yanma,"Silent Chasm(1F-8F), Pitfall Valley(9F-15F), Remains Island(B9-B15)",7.4%,Mist-Rise Forest,"Steam Cave(1F-8F, Upper Steam Cave 1F), Lush Prairie(1F-5F)",8.2%,//archives.bulbagarden.net/media/upload/2/20/MDP_E_193.png
194,Wooper,"Sinister Woods(8F-10F), Waterfall Pond(3F-6F)",11.9%,Peanut Swamp,"Waterfall Cave(B1F-B8F), Serenity River(B1F-B7F)",8.2%,//archives.bulbagarden.net/media/upload/9/94/MDP_E_194.png
195,Quagsire,"Evolve, Wooper",Evolve,Peanut Swamp,Lake Afar(B1F-B12F),0.5%,//archives.bulbagarden.net/media/upload/7/78/MDP_E_195.png
196,Espeon,"Evolve, Eeveeusing a, Sun Ribbon",Evolve,Transform Forest,"Marine Resort(1F-19F), Shimmer Hill(1F-17F)",-12%,//archives.bulbagarden.net/media/upload/2/2b/MDP_E_196.png
197,Umbreon,"Evolve, Eevee using a, Lunar Ribbon",Evolve,Transform Forest,"Concealed Ruins(B1F-B29F), World Abyss(B1F-B29F)",-12%,//archives.bulbagarden.net/media/upload/c/c8/MDP_E_197.png
198,Murkrow,"Great Canyon(5F-7F), Western Cave(1F-2F), Wish Cave(39F-42F)",7.2%,Flyaway Forest,"Concealed Ruins(B1F-B29F), World Abyss(B1F-B14F)",6.4%,//archives.bulbagarden.net/media/upload/d/d4/MDP_E_198.png
199,Slowking,"Evolve, Slowpoke",Evolve,Bountiful Sea,"Surrounded Sea(B1F-B19F), Miracle Sea(B1F-B18F, Deep Miracle Sea B1F-B3F), Bottomless Sea(B1F-B49F)",12%,//archives.bulbagarden.net/media/upload/a/a3/MDP_E_199.png
200,Misdreavus,"Murky Cave(13F-19F), Darknight Relic(1F-15F)",8.8%,Darkness Ridge,"Final Maze(B1F-B48F), Sky Stairway(1F-49F)",8.2%,//archives.bulbagarden.net/media/upload/1/1a/MDP_E_200.png
201,Unown,Unown Relic,"1.8% (A-Z), 0.1% (?!)",Aged Chamber,Aegis Cave,8.2%,//archives.bulbagarden.net/media/upload/b/bf/MDP_E_201.png
202,Wobbuffet,"Evolve, Wynaut",Echo Cave,Ranger ,Marine Resort(1F-19F),-12%,//archives.bulbagarden.net/media/upload/d/d9/MDP_RT_202.png
203,Girafarig,Solar Cave(1F-4F),7.6%,Sky Blue Plains,"Amp Plains(5F-10F, Far Amp Plains 1F-2F), Shimmer Hill(1F-17F)",6.4%,//archives.bulbagarden.net/media/upload/5/52/MDP_E_203.png
204,Pineco,"Mt. Freeze(1F-5F), Wish Cave(61F-64F), Joyous Tower(61F-64F)",9.4%,Secretive Forest,Mt. Horn(8F-14F),8.2%,//archives.bulbagarden.net/media/upload/6/65/MDP_E_204.png
205,Forretress,"Evolve, Pineco",Evolve,Secretive Forest,Sky Stairway(1F-49F),0.5%,//archives.bulbagarden.net/media/upload/a/ab/MDP_E_205.png
206,Dunsparce,"Great Canyon(1F-3F), Wish Cave(43F-44F), Joyous Tower(43F-44F)",7.6%,Echo Cave,Foggy Forest(1F-5F),6.4%,//archives.bulbagarden.net/media/upload/e/e6/MDP_E_206.png
207,Gligar,"Mt. Thunder(7F-10F, Mt. Thunder Peak 1F-2F), Wish Cave(31F-35F), Desert Region(15F-20F), Southern Cavern(15F-25F), Joyous Tower(31F-35F)",8.5%,Mt. Deepgreen,"Spacial Rift(B6F-B15F, Deep Spacial Rift B1F-B9F)",8.2%,//archives.bulbagarden.net/media/upload/5/5e/MDP_E_207.png
208,Steelix,"Evolve, Onix",Evolve,Boulder Cave,Sky Stairway(1F-49F),-10%,//archives.bulbagarden.net/media/upload/c/cf/MDP_E_208.png
209,Snubbull,Western Cave(1F-3F),(1F-3F),MD Time,"Steam Cave(1F-8F), Marine Resort(1F-19F)",6.4%,//archives.bulbagarden.net/media/upload/a/a7/MDP_RT_209.png
210,Granbull,"Evolve, Snubbull",,MD Time,"Steam Cave(1F-7F), Landslide Cave(B1F-B12F)",0.5%,//archives.bulbagarden.net/media/upload/9/9a/MDP_RT_210.png
211,Qwilfish,"Silver Trench(1F-9F), Grand Sea(1F-9F), Fantasy Strait(B1F-B9F)",6.9%,Serene Sea,"Surrounded Sea(B1F-B19F), Miracle Sea(B1F-B18F, Deep Miracle Sea B1F-B3F), Bottomless Sea(B1F-B49F)",6.9%,//archives.bulbagarden.net/media/upload/5/5a/MDP_E_211.png
212,Scizor,"Evolve, Scyther",Evolve,Overgrown Forest,Mt. Travail(1F-19F),-12%,//archives.bulbagarden.net/media/upload/8/84/MDP_E_212.png
213,Shuckle,"Mt. Blaze(5F-9F), Howling Forest(7F-11F), Oddity Cave(B6F-B9F)",6.9%,Mt. Deepgreen,"Steam Cave(1F-7F), Landslide Cave(B1F-B12F)",8.2%,//archives.bulbagarden.net/media/upload/7/73/MDP_E_213.png
214,Heracross,"Great Canyon(7F-9F), Joyous Tower(39F-42F)",2.6%,Overgrown Forest,Mt. Travail(1F-19F),6.4%,//archives.bulbagarden.net/media/upload/2/2d/MDP_E_214.png
215,Sneasel,Buried Relic(1F-4F),7.7%,Darkness Ridge,"Blizzard Island(1F-20F), Crevice Cave(B1F-B10F, Lower Crevice Cave B1F-B4F), Mt. Avalanche(1F-19F)",6.4%,//archives.bulbagarden.net/media/upload/3/34/MDP_E_215.png
216,Teddiursa,"Silent Chasm(1F-3F), Joyous Tower(26F-30F)",11.4%,Mt. Deepgreen,"Mystifying Forest(1F-13F), Mystery Jungle(1F-29F)",8.2%,//archives.bulbagarden.net/media/upload/7/76/MDP_E_216.png
217,Ursaring,"Evolve, Teddiursa",Evolve,Mt. Deepgreen,"Sky Peak(4th Station Pass 2F-Summit Pass 5F), Mt. Travail(1F-19F), Shimmer Hill(1F-17F)",-12%,//archives.bulbagarden.net/media/upload/a/a4/MDP_E_217.png
218,Slugma,"Mt. Blaze(1F-12F), Fiery Field(1F-5F), Oddity Cave(B6-B10)",11.4%,Crater,"Steam Cave(1F-8F), Dark Crater(B1F-B12F), Giant Volcano(1F-10F)",8.2%,//archives.bulbagarden.net/media/upload/8/88/MDP_E_218.png
219,Magcargo,"Evolve, Slugma",Evolve,Crater,"Dark Crater(B13F-B15F, Deep Dark Crater B1F-B11F), Giant Volcano(1F-19F)",0.5%,//archives.bulbagarden.net/media/upload/3/32/MDP_E_219.png
220,Swinub,"Sinister Woods(1F-3F), Wish Cave(17F-25F)",10.9%,Frigid Cavern,"Crevice Cave(B1F-B10F, Lower Crevice Cave B1F-B4F), Final Maze(B1F-B48F)",8.2%,//archives.bulbagarden.net/media/upload/c/c5/MDP_E_220.png
221,Piloswine,"Evolve, Swinub",Evolve,Frigid Cavern,"Blizzard Island(1F-20F), Crevice Cave(B1F-B10F, Lower Crevice Cave B1F-B4F), Mt. Avalanche(1F-19F)",-12%,//archives.bulbagarden.net/media/upload/0/02/MDP_E_221.png
222,Corsola,"Silver Trench(5F-13F), Grand Sea(5F-13F), Fantasy Strait(B5-B13)",8.3%,Shallow Beach,Marine Resort(1F-5F),8.2%,//archives.bulbagarden.net/media/upload/0/08/MDP_E_222.png
223,Remoraid,"Silver Trench(50F-59F), Marvelous Sea(B10-B19), Fantasy Strait(B10-B19)",8.8%,Treasure Sea,"Surrounded Sea(B1F-B19F), Miracle Sea(B1F-B18F, Deep Miracle Sea B1F-B3F), Bottomless Sea(B1F-B25F)",8.2%,//archives.bulbagarden.net/media/upload/2/2b/MDP_E_223.png
224,Octillery,"Silver Trench(60F-69F), Far-off Sea(55F-64F)",-30%,Treasure Sea,"Surrounded Sea(B1F-B19F), Miracle Sea(B1F-B18F, Deep Miracle Sea B1F-B3F), Bottomless Sea(B1F-B49F)",-12%,//archives.bulbagarden.net/media/upload/6/68/MDP_RT_224.png
225,Delibird,Northwind Field(17F-25F),8.8%,Frigid Cavern,"Blizzard Island(1F-20F), Crevice Cave(B1F-B10F, Lower Crevice Cave B1F-B4F), Mt. Avalanche(1F-19F)",8.2%,//archives.bulbagarden.net/media/upload/d/d0/MDP_E_225.png
226,Mantine,Wonder Mailcode,9.5%,Serene Sea,"Miracle Sea(B1F-B18F, Deep Miracle Sea B1F-B3F)",8.2%,//archives.bulbagarden.net/media/upload/0/0e/MDP_E_226.png
227,Skarmory,"Western Cave(40F-49F), Wish Cave(18F-19F)",6.8%,Ravaged Field,Sky Stairway(1F-49F),8.2%,//archives.bulbagarden.net/media/upload/2/21/MDP_E_227.png
228,Houndour,"Silent Chasm(5F-7F), Howling Forest(1F-8F), Joyous Tower(25F-27F)",11.4%,Ravaged Field,"Shimmer Hill(1F-17F), Final Maze(B1F-B48F)",8.2%,//archives.bulbagarden.net/media/upload/c/c9/MDP_E_228.png
229,Houndoom,"Evolve, Houndour",Evolve,Ravaged Field,Treeshroud Forest(1F-10F),-4.5%,//archives.bulbagarden.net/media/upload/f/f5/MDP_E_229.png
230,Kingdra,"Evolve, Seadra",Evolve,Treasure Sea,"Surrounded Sea(B1F-B19F), Miracle Sea(B1F-B18F, Deep Miracle Sea B1F-B3F), Bottomless Sea(B1F-B49F)",-12%%,//archives.bulbagarden.net/media/upload/1/10/MDP_E_230.png
231,Phanpy,"Great Canyon(1F-3F), Southern Cavern(10F-19F)",8.2%,Safari,"Starter Pokémon, Partner Pokémon, Amp Plains(1F-8F), Marine Resort(1F-19F), Final Maze(B1F-B48F)",8.2%,//archives.bulbagarden.net/media/upload/8/8e/MDP_E_231.png
232,Donphan,"Evolve, Phanpy",Evolve,Safari,Crystal Cave(B6F-B11F),0.5%,//archives.bulbagarden.net/media/upload/1/10/MDP_E_232.png
233,Porygon2,"Buried Relic(10F-18F), Wish Cave(79F-84F), Joyous Tower(80F-84F)",10%,Decrepit Lab,"Evolve, Porygon",5%,//archives.bulbagarden.net/media/upload/4/40/MDP_E_233.png
234,Stantler,"Mt. Thunder(5F-9F), Joyous Tower(31F-36F)",7.2%,Energetic Forest,"Foggy Forest(6F-11F), Shimmer Hill(1F-17F)",6.4%,//archives.bulbagarden.net/media/upload/1/15/MDP_E_234.png
235,Smeargle,"Howling Forest(15F), Western Cave(4F-6F)",6.8%,Sky Blue Plains,"Foggy Forest (1F-5F), Marine Resort (1F-19F)",6.8%,//archives.bulbagarden.net/media/upload/4/46/MDP_E_235.png
236,Tyrogue,Mt. Steel(5F-8F),8%,Mt. Discipline,"Mt. Travail(1F-19F), Lost Wilderness(B1F-B17F)",6.4%,//archives.bulbagarden.net/media/upload/0/01/MDP_E_236.png
237,Hitmontop,"Evolve, Tyrogue",Evolve,Mt. Discipline,Lost Wilderness(B1F-B17F),-12%,//archives.bulbagarden.net/media/upload/d/da/MDP_E_237.png
238,Smoochum,Joyous Tower(21F-25F),8%,Mt. Deepgreen,"Blizzard Island(1F-20F), Crevice Cave(B1F-B10F, Lower Crevice Cave B1F-B4F), Mt. Avalanche(1F-19F)",6.4%,//archives.bulbagarden.net/media/upload/b/b3/MDP_E_238.png
239,Elekid,"Thunderwave Cave(4F-5F), Lightning Field(15F-22F), Buried Relic(41F-59F)",10.3%,Power Plant,Amp Plains(1F-8F),8.2%,//archives.bulbagarden.net/media/upload/7/71/MDP_E_239.png
240,Magby,"Mt. Blaze(1F-5F), Fiery Field(6F-9F), Wish Cave(72F-76F), Joyous Tower(46F-51F, 72F-76F)",9.5%,Crater,"Steam Cave(1F-8F), Final Maze(B1F-B48F)",8.2%,//archives.bulbagarden.net/media/upload/9/9d/MDP_E_240.png
241,Miltank,"Western Cave(10F, 20F, 30F, 40F, 50F-53F, 60F-98F)",8.7%,Safari,"Marine Resort(1F-19F), Shimmer Hill(1F-17F)",8.2%%,//archives.bulbagarden.net/media/upload/9/98/MDP_E_241.png
242,Blissey,"Evolve, Chansey",Evolve,Sky Blue Plains,Happy Outlook(B10F-B14F),-12%,//archives.bulbagarden.net/media/upload/9/92/MDP_E_242.png
243,Raikou,Lightning Field(30F),0.1%,Sacred Field,Southeastern Islands(B12F-B24F; appears on random floor after accepting challenge letter),5%,//archives.bulbagarden.net/media/upload/8/80/MDP_RT_243.png
244,Entei,Fiery Field(30F),0.1%,Sacred Field,Inferno Cave(B15F-B29F; appears on random floor after accepting challenge letter),6.4%,//archives.bulbagarden.net/media/upload/d/dd/MDP_RT_244.png
245,Suicune,Northwind Field(30F),0.1%,Sacred Field,Treacherous Waters(B10F-B19F; appears on random floor after accepting challenge letter),6.4%,//archives.bulbagarden.net/media/upload/3/39/MDP_RT_245.png
246,Larvitar,Southern Cavern(16F-26F),12.2%,Mt. Cleft,Northern Desert(1F-8F),8.2%,//archives.bulbagarden.net/media/upload/5/50/MDP_E_246.png
247,Pupitar,"Mt. Freeze(3F-5F), Buried Relic(60F-70F), Southern Cavern(37F-45F), Joyous Tower(62F-66F)",-19%%,Mt. Cleft,"Quicksand Cave(B1F-B10F, Quicksand Pit B1F)",0.5%%,//archives.bulbagarden.net/media/upload/1/1f/MDP_E_247.png
248,Tyranitar,"Evolve, Pupitar",Evolve,Mt. Cleft,Quicksand Pit(B2F-B10F),-12%,//archives.bulbagarden.net/media/upload/2/28/MDP_E_248.png
249,Lugia,Silver Trench(99F),99.9%,Deep-Sea Current,Surrounded Sea(,10%,//archives.bulbagarden.net/media/upload/e/ee/MDP_RT_249.png
250,Ho-oh,Mt. Faraway (40F),99.9%,Rainbow Peak,"Mt. Mistral (19F), (Mystery Part/Secret Slab needed)",10%,//archives.bulbagarden.net/media/upload/3/38/MDP_RT_250.png
251,Celebi,Purity Forest(99F),,Healing Forest,Mystifying Forest(,20%,//archives.bulbagarden.net/media/upload/4/4c/MDP_E_251.png
252,Treecko,"Starter Pokémon, Partner Pokémon, Joyous Tower(1F-4F)",Automatically after completing purity forest,Overgrown Forest,"Starter Pokémon, Partner Pokémon, Mystery Jungle(1F-29F)",8.2%,//archives.bulbagarden.net/media/upload/7/73/MDP_RT_252.png
253,Grovyle,Western Cave(38F-49F),-19%,Overgrown Forest,Mystery Jungle(1F-29F),-10%,//archives.bulbagarden.net/media/upload/d/de/MDP_E_253.png
254,Sceptile,"Evolve, Grovyle",Evolve,Overgrown Forest,Mystery Jungle(1F-29F),-12%,//archives.bulbagarden.net/media/upload/a/aa/MDP_E_254.png
255,Torchic,"Starter Pokémon, Partner Pokémon, Joyous Tower(11F-15F)",11.9%,Scorched Plains,"Starter Pokémon, Partner Pokémon, Dark Crater(B1F-B14F), Giant Volcano(1F-10F)",8.2%,//archives.bulbagarden.net/media/upload/b/bd/MDP_RT_255.png
256,Combusken,Fiery Field(22F-29F),-19%,Scorched Plains,"Dark Crater(B1F-B15F, Deep Dark Crater B1F-B8F), Giant Volcano(1F-19F)",-10%,//archives.bulbagarden.net/media/upload/5/5f/MDP_E_256.png
257,Blaziken,"Evolve, Combusken",Evolve,Scorched Plains,Dark Crater(B9F-B14F),-12%,//archives.bulbagarden.net/media/upload/3/3b/MDP_E_257.png
258,Mudkip,"Starter Pokémon, Partner Pokémon, Waterfall Pond(1F-3F)",12.3%,Peanut Swamp,"Starter Pokémon, Partner Pokémon, Lake Afar(B1F-B9F)",8.2%,//archives.bulbagarden.net/media/upload/d/df/MDP_RT_258.png
259,Marshtomp,"Mt. Faraway(10F-19F), Waterfall Pond(13F-18F)",-19%,Peanut Swamp,Lake Afar(B10F-B19F),-10%,//archives.bulbagarden.net/media/upload/8/87/MDP_E_259.png
260,Swampert,Western Cave(79F-88F),-33.9%,Peanut Swamp,Lake Afar(B20F-B24F),-12%,//archives.bulbagarden.net/media/upload/1/1d/MDP_E_260.png
261,Poochyena,"Thunderwave Cave(1F-3F), Howling Forest(1F-8F)",8.2%,Wild Plains,"Concealed Ruins(B1F-B15F), World Abyss(B1F-B15F), Final Maze(B1F-B48F)",8.2%,//archives.bulbagarden.net/media/upload/e/e9/MDP_E_261.png
262,Mightyena,"Evolve, Poochyena",Evolve,Wild Plains,"Concealed Ruins(B16F-B29F), World Abyss(B16F-B29F)",-4.5%,//archives.bulbagarden.net/media/upload/7/79/MDP_E_262.png
263,Zigzagoon,Mt. Steel(1F-5F),8.5%,Wild Plains,Foggy Forest(1F-11F),8.2%,//archives.bulbagarden.net/media/upload/8/87/MDP_E_263.png
264,Linoone,"Evolve, Zigzagoon",Evolve,Wild Plains,Shimmer Hill(1F-17F),0.5%,//archives.bulbagarden.net/media/upload/6/67/MDP_E_264.png
265,Wurmple,Joyous Tower(1F-2F),7.4%,Mist-Rise Forest,"Mystifying Forest(1F-13F), Mystery Jungle(1F-29F), Oran Forest(1F-4F), Midnight Forest(B1F-B21F)",6.4%,//archives.bulbagarden.net/media/upload/3/35/MDP_E_265.png
266,Silcoon,Sinister Woods(4F-6F),-19%,Mist-Rise Forest,"Mystery Jungle(1F-29F), Lush Prairie(1F-5F)",-10%,//archives.bulbagarden.net/media/upload/d/d3/MDP_E_266.png
267,Beautifly,"Evolve, Silcoon",Evolve,Mist-Rise Forest,"Mt. Horn(1F-2F, 4F-5F, 7F-8F,10F-11F, 13F-14F), Lush Prairie(1F-5F), Midnight Forest(B1F-B24F)",0.5%,//archives.bulbagarden.net/media/upload/7/7b/MDP_E_267.png
268,Cascoon,"Sinister Woods(4F-6F), Murky Cave(1F-2F, 5F, 7F-9F, 11F)",-19%,Mist-Rise Forest,"Mt. Horn(2F-3F, 6F-7F, 9F-10F, 12F-14F), Mystery Jungle(B1F-B29F), Lush Prairie(1F-5F)",-10%,//archives.bulbagarden.net/media/upload/e/e7/MDP_E_268.png
269,Dustox,"Evolve, Cascoon",Evolve,Mist-Rise Forest,Landslide Cave(B1F-B12F),0.5%,//archives.bulbagarden.net/media/upload/8/80/MDP_E_269.png
270,Lotad,Waterfall Pond(1F-3F),8%,Tadpole Pond,"Waterfall Cave(B1F-B8F), Serenity River(B1F-B7F)",6.4%,//archives.bulbagarden.net/media/upload/3/3a/MDP_E_270.png
271,Lombre,Waterfall Pond(13F-16F),-19%,Tadpole Pond,Lake Afar(B1F-B12F),-4.5%,//archives.bulbagarden.net/media/upload/0/07/MDP_RT_271.png
272,Ludicolo,"Evolve, Lombre",Evolve,Tadpole Pond,Lake Afar(B1F-B12F),-12%,//archives.bulbagarden.net/media/upload/8/85/MDP_E_272.png
273,Seedot,"Uproar Forest(1F-9F), Southern Cavern(1F-9F)",11.2%,Mushroom Forest,"Mystifying Forest(1F-13F), Mystery Jungle(1F-29F), Happy Outlook(B1F-B15F)",8.2%,//archives.bulbagarden.net/media/upload/e/ed/MDP_E_273.png
274,Nuzleaf,Uproar Forest (5F-9F),-19%,Mushroom Forest,"Mystifying Forest(1F-13F), Mystery Jungle(1F-29F), Midnight Forest(B1F-B24F)",0.5%,//archives.bulbagarden.net/media/upload/e/ee/MDP_E_274.png
275,Shiftry,"Western Cave(12F-20F), Buried Relic(68F-74F)",-30%,Mushroom Forest,Lost Wilderness(B1F-B17F),-12%,//archives.bulbagarden.net/media/upload/4/42/MDP_RT_275.png
276,Taillow,Joyous Tower(2F-4F),7.5%,Beau Plains,"Concealed Ruins(B1F-B15F), World Abyss(B1F-B8F)",6.4%,//archives.bulbagarden.net/media/upload/b/bf/MDP_E_276.png
277,Swellow,"Evolve, Taillow",Evolve,Beau Plains,"Concealed Ruins(B16F-B29F), World Abyss(B9F-B29F), Mt. Mistral(1F-19F)",0.5%,//archives.bulbagarden.net/media/upload/5/51/MDP_E_277.png
278,Wingull,"Stormy Sea(1F-5F), Silver Trench(1F-5F), Grand Sea(1F-5F), Remains Island(B7-B14), Marvelous Sea(B1-B5), Fantasy Strait(B1-B5)",12.5%,Shallow Beach,"Craggy Coast(B1F-B9F), Marine Resort(1F-19F)",6.4%,//archives.bulbagarden.net/media/upload/e/ed/MDP_E_278.png
279,Pelipper,"Evolve, Wingull",Evolve,Shallow Beach,"Brine Cave(B1F-B8F), Marine Resort(1F-19F)",-12%,//archives.bulbagarden.net/media/upload/1/18/MDP_RT_279.png
280,Ralts,Wish Cave(11F-13F),1%,Sky Blue Plains,Treeshroud Forest(1F-9F),5%,//archives.bulbagarden.net/media/upload/5/5c/MDP_E_280.png
281,Kirlia,Solar Cave(10F-15F),-19%,Sky Blue Plains,Treeshroud Forest(10F-20F),0.5%,//archives.bulbagarden.net/media/upload/5/50/MDP_E_281.png
282,Gardevoir,Murky Cave,1%,Sky Blue Plains,"Evolve, Kirlia",-10%,//archives.bulbagarden.net/media/upload/f/f8/MDP_RT_282.png
283,Surskit,Waterfall Pond(4F-7F),3.8%,Tadpole Pond,Waterfall Cave(B1F-B8F),6.4%,//archives.bulbagarden.net/media/upload/c/cf/MDP_E_283.png
284,Masquerain,"Evolve, Surskit",Evolve,Tadpole Pond,Serenity River(B6F-B7F),-10%,//archives.bulbagarden.net/media/upload/3/34/MDP_E_284.png
285,Shroomish,"Sinister Woods(6F-12F), Joyous Tower(21F-25F)",7.7%,Mushroom Forest,"Mt. Horn(1F-6F), Final Maze(B1F-B48F)",6.4%,//archives.bulbagarden.net/media/upload/d/db/MDP_E_285.png
286,Breloom,"Evolve, Shroomish",Evolve,Mushroom Forest,"Foggy Forest(7F-11F), Tiny Meadow(1F-4F)",0.5%,//archives.bulbagarden.net/media/upload/8/8d/MDP_E_286.png
287,Slakoth,"Sinister Woods(10F-12F), Joyous Tower(18F-20F)",11.3%,Energetic Forest,"Crevice Cave(B1F-B10F, Lower Crevice Cave B1F-B4F), Mt. Avalanche(1F-19F)",8.2%,//archives.bulbagarden.net/media/upload/4/4e/MDP_E_287.png
288,Vigoroth,"Mt. Freeze(7F-11F), Mt. Faraway(10F-19F)",-19%,Energetic Forest,"Blizzard Island(1F-20F), Crevice Cave(B1F-B10F, Lower Crevice Cave B1F-B4F), Mt. Avalanche(1F-19F)",-10%,//archives.bulbagarden.net/media/upload/f/f4/MDP_E_288.png
289,Slaking,"Evolve, Vigoroth",Evolve,Energetic Forest,"Crevice Cave(B1F-B10F, Lower Crevice Cave B1F-B4F), Mt. Avalanche(1F-19F)",-12%,//archives.bulbagarden.net/media/upload/f/f5/MDP_E_289.png
290,Nincada,"Lapis Cave(1F-4F), Wish Cave(44F-49F), Joyous Tower(45F-49F)",7.4%,Secretive Forest,"Quicksand Cave(B1F-B7F), Midnight Forest(B1F-B21F)",6.4%,//archives.bulbagarden.net/media/upload/6/6c/MDP_E_290.png
291,Ninjask,"Evolve, Nincada",Evolve,Secretive Forest,Quicksand Pit(B5F-B10F),0.5%,//archives.bulbagarden.net/media/upload/4/46/MDP_E_291.png
292,Shedinja,"Evolve, Nincada",Evolve,Secretive Forest,"Mt. Travail(1F-19F), Sky Peak(8th Station Pass 1F-Sky Peak Summit Pass 5F)",-12%,https://archives.bulbagarden.net/media/upload/3/38/MDP_E_292.png
293,Whismur,"Howling Forest(1F-8F), Buried Relic(4F-8F)",8.8%,Echo Cave,Marine Resort(1F-19F),8.2%,//archives.bulbagarden.net/media/upload/8/82/MDP_E_293.png
294,Loudred,Howling Forest(9F-14F),-19%,Echo Cave,"Concealed Ruins(B1F-B15F), World Abyss(B1F-B15F)",-10%,//archives.bulbagarden.net/media/upload/c/c5/MDP_E_294.png
295,Exploud,"Evolve, Loudred",Evolve,Echo Cave,"Concealed Ruins(B16F-B29F), World Abyss(B16F-B29F)",-12%,//archives.bulbagarden.net/media/upload/f/fe/MDP_E_295.png
296,Makuhita,Buried Relic (30F-34F),10.2%,Mt. Discipline,Lost Wilderness (B3F-B16F),4%,//archives.bulbagarden.net/media/upload/5/5f/MDP_RT_296.png
297,Hariyama,"Evolve, Makuhita",Evolve,Mt. Discipline,Lost Wilderness(B1F-B17F),-12%,//archives.bulbagarden.net/media/upload/c/ce/MDP_E_297.png
298,Azurill,"Frosty Forest(1F-3F), Howling Forest(1F-4F)",10.2%,Turtleshell Pond,"Blizzard Island(1F-20F), Crevice Cave(B1F-B10F, Lower Crevice Cave B1F-B4F), Mt. Avalanche(1F-19F)",8.2%,//archives.bulbagarden.net/media/upload/a/ad/MDP_E_298.png
299,Nosepass,"Frosty Forest(3F-6F), Desert Region(1F-6F), Oddity Cave(B11F-B12F)",7.4%,Echo Cave,"Blizzard Island(1F-20F), Crevice Cave(B1F-B10F, Lower Crevice Cave B1F-B4F), Mt. Avalanche(1F-19F)",6.4%,//archives.bulbagarden.net/media/upload/9/96/MDP_E_299.png
300,Skitty,"Starter Pokémon, Joyous Tower(24F-28F)",7.2%,Energetic Forest,"Starter Pokémon, Partner Pokémon, Happy Outlook(B1F-B15F)",6.4%,//archives.bulbagarden.net/media/upload/d/d9/MDP_RT_300.png
301,Delcatty,"Evolve, Skitty",Evolve,Energetic Forest,"Concealed Ruins(B10F-B15F), World Abyss(B8F-B15F)",-12%,//archives.bulbagarden.net/media/upload/f/f6/MDP_E_301.png
302,Sableye,Darknight Relic(1F-15F),8.2%,Darkness Ridge,"Spacial Rift(B1F-B15F, Deep Spacial Rift B1F-B9F)",8.2%,//archives.bulbagarden.net/media/upload/9/95/MDP_E_302.png
303,Mawile,"Magma Cavern(8F-12F), Buried Relic(68F-90F)",7.1%,Echo Cave,"Quicksand Cave(B8F-B10F, Quicksand Pit B1F-B5F), Final Maze(B1F-B48F)",6.4%,//archives.bulbagarden.net/media/upload/d/d8/MDP_E_303.png
304,Aron,"Mt. Steel(1F-8F), Buried Relic(14F-19F), Wish Cave(7F-10F)",7.8%,Mt. Cleft,Northern Desert(1F-8F),6.4%,//archives.bulbagarden.net/media/upload/6/61/MDP_E_304.png
305,Lairon,"Frosty Forest(7F-9F), Wish Cave(62F-64F), Joyous Tower(62F-64F), Oddity Cave(B13-B15)",-19%,Mt. Cleft,Northern Desert(9F-15F),0.5%,//archives.bulbagarden.net/media/upload/d/d4/MDP_E_305.png
306,Aggron,"Evolve, Lairon",Evolve,Mt. Cleft,Deep Dark Crater(B9F-B14F),-10%,//archives.bulbagarden.net/media/upload/e/e1/MDP_E_306.png
307,Meditite,"Mt. Steel(5F-8F), Buried Relic(17F-22F), Wish Cave(11F-14F), Solar Cave(4F-8F)",5.5%,Mt. Discipline,"Mt. Travail(1F-19F), Lost Wilderness(B1F-B17F), Final Maze(B1F-B48F)",5.5%,//archives.bulbagarden.net/media/upload/a/a0/MDP_E_307.png
308,Medicham,"Evolve, Meditite",Evolve,Mt. Discipline,"Mt. Travail(1F-19F), Lost Wilderness(B1F-B17F)",-12%,//archives.bulbagarden.net/media/upload/c/ca/MDP_RT_308.png
309,Electrike,"Mt. Thunder(1F-4F), Lightning Field(1F-6F), Wish Cave(26F-33F), Oddity Cave(B1-B4)",7.8%,Thunder Meadow, Far Amp Plains(3F-9F),6.4%,//archives.bulbagarden.net/media/upload/7/79/MDP_E_309.png
310,Manectric,"Evolve, Electrike",Evolve,Thunder Meadow,"Evolve, Electrike",-10%,//archives.bulbagarden.net/media/upload/1/11/MDP_E_310.png
311,Plusle,Wonder Mailcode,35%,Thunder Meadow,Amp Plains(1F-5F),8.2%,//archives.bulbagarden.net/media/upload/5/56/MDP_E_311.png
312,Minun,"Thunderwave Cave(4F-5F), Lightning Field(7F-19F), Joyous Tower(5F-8F)",35%,Thunder Meadow,Amp Plains(1F-5F),8.2%,//archives.bulbagarden.net/media/upload/f/fb/MDP_E_312.png
313,Volbeat,Northwind Field(1F-6F),8.6%,Rub-a-Dub River,Upper Steam Cave(1F-7F),8.2%,//archives.bulbagarden.net/media/upload/c/c1/MDP_E_313.png
314,Illumise,"Lapis Cave(5F-8F), Wish Cave(47F-52F)",7.3%,Rub-a-Dub River,Upper Steam Cave(1F-7F),8.2%,//archives.bulbagarden.net/media/upload/a/a0/MDP_E_314.png
315,Roselia,Wonder Mailcode,7%,Beau Plains,"Mystifying Forest(1F-13F), Sky Peak(1st Station Pass 1F-6th Station Pass 3F), Mystery Jungle(1F-29F), Midnight Forest(B1F-B24F)",6.4%,//archives.bulbagarden.net/media/upload/a/ae/MDP_E_315.png
316,Gulpin,Buried Relic(14F-19F),6.9%,Poison Swamp,"Mystifying Forest(1F-13F), Mystery Jungle(1F-29F), Happy Outlook(B1F-B15F)",6.9%,//archives.bulbagarden.net/media/upload/e/e0/MDP_RT_316.png
317,Swalot,"Evolve, Gulpin",Evolve,Poison Swamp,Marine Resort(9F-19F),-12%,//archives.bulbagarden.net/media/upload/1/18/MDP_E_317.png
318,Carvanha,"Stormy Sea(35F-39F), Silver Trench(30F-39F), Far-off Sea(30F-39F), Fantasy Strait(B30)",8.9%,Treasure Sea,Surrounded Sea(B1F-B14F),0.5%,//archives.bulbagarden.net/media/upload/8/8b/MDP_E_318.png
319,Sharpedo,"Evolve, Carvanha",Evolve,Treasure Sea,"Miracle Sea(B1F-B18F, Deep Miracle Sea B1F-B4F)",-12%,//archives.bulbagarden.net/media/upload/4/45/MDP_E_319.png
320,Wailmer,"Silver Trench(41F-50F), Far-off Sea(41F-50F)",8.2%,Serene Sea,"Surrounded Sea(B1F-B20F), Miracle Sea(B1F-B18F, Deep Miracle Sea B1F-B3F), Bottomless Sea(B1F-B25F)",4%,//archives.bulbagarden.net/media/upload/f/fc/MDP_E_320.png
321,Wailord,"Evolve, Wailmer",Evolve,Serene Sea,"Surrounded Sea(B16F), Bottomless Sea(B26F)",-12%,//archives.bulbagarden.net/media/upload/1/14/MDP_E_321.png
322,Numel,"Mt. Blaze(1F-6F), Fiery Field(1F-4F), Wish Cave(53F-56F), Oddity Cave(B6)",8.1%,Crater,"Steam Cave(1F-8F), Dark Crater(B1F-B11F), Giant Volcano(1F-10F)",6.4%,//archives.bulbagarden.net/media/upload/c/cf/MDP_E_322.png
323,Camerupt,"Evolve, Numel",Evolve,Crater,"Dark Crater(B3F-B15F, Deep Dark Crater B1F-B6F), Giant Volcano(1F-19F), Shimmer Hill(1F-17F)",-12%,//archives.bulbagarden.net/media/upload/f/f1/MDP_E_323.png
324,Torkoal,"Mt. Blaze(7F-12F), Fiery Field(9F-14F), Wish Cave(57F-59F), Joyous Tower(57F-59F), Oddity Cave(B7-B10)",8.1%,Crater,Deep Dark Crater(B7F-B14F),6.4%,//archives.bulbagarden.net/media/upload/2/2c/MDP_E_324.png
325,Spoink,"Howling Forest(1F-8F), Solar Cave(1F-5F)",7.5%,Mt. Deepgreen,Marine Resort(1F-7F),6.4%,//archives.bulbagarden.net/media/upload/0/0d/MDP_E_325.png
326,Grumpig,"Evolve, Spoink",Evolve,Mt. Deepgreen,"Evolve, Spoink",-10%,//archives.bulbagarden.net/media/upload/6/6d/MDP_E_326.png
327,Spinda,Joyous Tower(5F-7F),(5F-7F),MD Darkness,"Marine Resort(1F-9F), Lost Wilderness(B1F-B17F)",6.4%,//archives.bulbagarden.net/media/upload/1/13/MDP_E_327.png
328,Trapinch,"Silent Chasm(6F-9F), Wish Cave(21F-28F), Desert Region(1F-11F), Joyous Tower(21F-24F)",7.2%,Furnace Desert,Northern Desert(1F-15F),8.2%,//archives.bulbagarden.net/media/upload/f/f6/MDP_E_328.png
329,Vibrava,"Southern Cavern(12F-20F), Wyvern Hill(10F-16F)",-19%,Furnace Desert,Quicksand Cave(B1F-B9F),0.5%,//archives.bulbagarden.net/media/upload/0/03/MDP_E_329.png
330,Flygon,"Evolve, Vibrava",Evolve,Furnace Desert,"Mystifying Forest(1F-13F), Sky Peak(1st Station Pass 1F-6th Station Pass 3F), Mystery Jungle(1F-29F), Mt. Mistral(1F-19F)",-12%,//archives.bulbagarden.net/media/upload/0/0c/MDP_E_330.png
331,Cacnea,"Mt. Thunder(1F-4F), Joyous Tower(33F-35F), Oddity Cave(B1-B4)",7.2%,Furnace Desert,Northern Desert(1F-8F),6.4%,//archives.bulbagarden.net/media/upload/3/3d/MDP_E_331.png
332,Cacturne,"Evolve, Cacnea",Evolve,Furnace Desert,"Northern Desert(9F-15F), Happy Outlook(B1F-B19F)",0.5%,//archives.bulbagarden.net/media/upload/0/0f/MDP_E_332.png
333,Swablu,"Mt. Freeze(1F-6F), Pitfall Valley(7F-12F), Joyous Tower(53F-59F), Remains Island(B7-B12)",7.5%,Flyaway Forest,"Blizzard Island(1F-20F), Crevice Cave(B1F-B10F, Lower Crevice Cave B1F-B4F), Mt. Avalanche(1F-19F)",6.4%,//archives.bulbagarden.net/media/upload/5/57/MDP_E_333.png
334,Altaria,"Evolve, Swablu",Evolve,Flyaway Forest,"Crevice Cave(B1F-B10F, Lower Crevice Cave B1F-B4F), Mt. Avalanche(1F-19F)",-12%,//archives.bulbagarden.net/media/upload/9/90/MDP_E_334.png
335,Zangoose,"Mt. Freeze(7F-12F), Wish Cave(65F-71F)",7.2%,Wild Plains,"Crevice Cave(B1F-B10F, Lower Crevice Cave B1F-B4F), Mt. Avalanche(1F-19F)",6.4%,//archives.bulbagarden.net/media/upload/0/0c/MDP_E_335.png
336,Seviper,"Mt. Freeze(13F-15F), Northern Range(20F-24F), Murky Cave(1F-5F), Joyous Tower(62F-69F)",7.2%,Wild Plains,Crystal Cave(B1F-B7F),6.4%,//archives.bulbagarden.net/media/upload/0/0f/MDP_E_336.png
337,Lunatone,"Sky Tower(1F-11F), Mt. Faraway(1F-5F), Solar Cave(8F-12F), Joyous Tower(80F-87F)",5%,Mt. Moonview,Deep Spacial Rift(B6F-B9F),6.4%,//archives.bulbagarden.net/media/upload/4/49/MDP_E_337.png
338,Solrock,"Sky Tower(12F-20F), Mt. Faraway(6F-11F), Wish Cave(80F-89F)",5%,Mt. Moonview,Spacial Rift(B4F-B10F),6.4%,//archives.bulbagarden.net/media/upload/5/58/MDP_E_338.png
339,Barboach,Waterfall Pond(1F-5F),8.3%,Peanut Swamp,"Waterfall Cave(B1F-B8F), Serenity River(B1F-B7F)",8.2%,//archives.bulbagarden.net/media/upload/5/52/MDP_E_339.png
340,Whiscash,"Evolve, Barboach",Evolve,Peanut Swamp,Waterfall Cave(B5F-B8F),0.5%,//archives.bulbagarden.net/media/upload/1/13/MDP_E_340.png
341,Corphish,Waterfall Pond(6F-12F),8.8%,Turtleshell Pond,Lake Afar(B1F-B12F),8.2%,//archives.bulbagarden.net/media/upload/1/16/MDP_E_341.png
342,Crawdaunt,"Evolve, Corphish",Evolve,Turtleshell Pond,Lake Afar(B13F-B24F),-12%,//archives.bulbagarden.net/media/upload/f/f1/MDP_E_342.png
343,Baltoy,"Mt. Steel(1F-4F), Wish Cave(11F-14F), Desert Region(12F-20F), Southern Cavern(12F-22F)",5.6%,Ancient Relic,Northern Desert(1F-7F),5.6%,//archives.bulbagarden.net/media/upload/7/70/MDP_E_343.png
344,Claydol,"Evolve, Baltoy",Evolve,Ancient Relic,Sky Stairway(1F-49F),0.5%,//archives.bulbagarden.net/media/upload/a/ae/MDP_E_344.png
345,Lileep,Silver Trench(80F-89F),7.3%,Deep-Sea Floor,Drenched Bluff(B1F-B6F),6.4%,//archives.bulbagarden.net/media/upload/d/db/MDP_E_345.png
346,Cradily,Silver Trench(90F-98F),-30%,Deep-Sea Floor,"Miracle Sea(B1F-B18F, Deep Miracle Sea B1F-B4F)",-4.5%,//archives.bulbagarden.net/media/upload/b/ba/MDP_E_346.png
347,Anorith,"Stormy Sea(9F-17F), Silver Trench(14F-23F), Grand Sea(14F-23F), Far-off Sea(14F-23F), Marvelous Sea(B14-B20), Fantasy Strait(B14-B23)",8.7%,Treasure Sea,Drenched Bluff(B1F-B6F),8.2%,//archives.bulbagarden.net/media/upload/2/2d/MDP_E_347.png
348,Armaldo,"Evolve, Anorith",Evolve,Treasure Sea,Mt. Avalanche(1F-19F),-4.5%,//archives.bulbagarden.net/media/upload/8/87/MDP_E_348.png
349,Feebas,Wonder Mailcode,9.2%,Waterfall Lake,Lake Afar(B1F-B12F),8.2%,//archives.bulbagarden.net/media/upload/0/0f/MDP_E_349.png
350,Milotic,"Evolve, Feebas",Evolve,Waterfall Lake,Lake Afar(B21F-B24F),-12%,//archives.bulbagarden.net/media/upload/d/dc/MDP_E_350.png
351,Castform,Mt. Faraway(20F-29F),7.4%,Thunder Meadow,"Blizzard Island(10F-20F), Shimmer Hill(1F-17F)",6.4%,//archives.bulbagarden.net/media/upload/c/c9/MDP_E_351.png
352,Kecleon,"Kecleon Shopsin, Mt. Blazeonwards",-33.9%,Overgrown Forest,"Kecleon Shopsin, Waterfall Caveonwards",-49.5%,//archives.bulbagarden.net/media/upload/d/d5/MDP_RT_352.png
353,Shuppet,"Sky Tower(1F-6F), Wish Cave(81F-84F), Murky Cave(10F-14F), Darknight Relic(1F-5F), Joyous Tower(70F-75F)",8%,Darkness Ridge,Concealed Ruins(B16F-B19F),6.4%,//archives.bulbagarden.net/media/upload/8/88/MDP_E_353.png
354,Banette,"Evolve, Shuppet",Evolve,Darkness Ridge,Sky Stairway(1F-49F),-10%,//archives.bulbagarden.net/media/upload/e/ed/MDP_E_354.png
355,Duskull,"Sky Tower(7F-14F), Darknight Relic(11F-15F)",7.5%,Darkness Ridge,Sky Stairway(1F-49F),6.4%,//archives.bulbagarden.net/media/upload/5/56/MDP_E_355.png
356,Dusclops,"Evolve, Duskull",Evolve,Darkness Ridge,"Evolve, Duskull",-10%,//archives.bulbagarden.net/media/upload/f/fa/MDP_E_356.png
357,Tropius,"Sky Tower(22F-25F, Sky Tower Summit 1F-8F), Lightning Field(20F-29F), Joyous Tower(86F-91F)",7.6%,Jungle,"Spacial Rift(B12F-B15F, Deep Spacial Rift B1F-B2F)",6.4%,//archives.bulbagarden.net/media/upload/0/06/MDP_E_357.png
358,Chimecho,"Mt. Freeze(7F-12F), Solar Cave(12F-17F)",6.9%,Thunder Meadow,"Spacial Rift(B5F-B15F, Deep Spacial Rift B1F-B9F)",6.9%,//archives.bulbagarden.net/media/upload/d/dc/MDP_E_358.png
359,Absol,"Frosty Forest,Northwind Field (28F-29F),Western Cave (40F-49F)",6.8%,Darkness Ridge,Crystal Crossing(B8F-B13F),8.2%,//archives.bulbagarden.net/media/upload/2/2d/MDP_RT_359.png
360,Wynaut,"Buried Relic(1F-4F), Solar Cave(1F-3F)","(1F-4F),",MD Time,Marine Resort(1F-11F),8.2%,//archives.bulbagarden.net/media/upload/3/3a/MDP_RT_360.png
361,Snorunt,"Frosty Forest(8F-9F), Mt. Faraway(1F-11F), Joyous Tower(50F-57F), Oddity Cave(B14-B15)",7.5%,Frigid Cavern,"Blizzard Island(1F-20F), Crevice Cave(B1F-B10F, Lower Crevice Cave B1F-B4F), Mt. Avalanche(1F-19F)",6.4%,//archives.bulbagarden.net/media/upload/9/93/MDP_E_361.png
362,Glalie,"Evolve, Snorunt",Evolve,Frigid Cavern,Crystal Crossing(B8F-B13F),0.5%,//archives.bulbagarden.net/media/upload/3/31/MDP_E_362.png
363,Spheal,"Stormy Sea(15F-24F), Silver Trench(10F-19F), Far-off Sea(10F-19F), Marvelous Sea(B10-B19), Fantasy Strait(B10-B19)",8.8%,Ice Floe Beach,Craggy Coast(B1F-B5F),8.2%,//archives.bulbagarden.net/media/upload/5/50/MDP_E_363.png
364,Sealeo,"Stormy Sea(34F-39F), Silver Trench(26F-33F), Far-off Sea(35F-44F)",-19%,Ice Floe Beach,Craggy Coast(B6F-B9F),0.5%,//archives.bulbagarden.net/media/upload/b/ba/MDP_E_364.png
365,Walrein,"Evolve, Sealeo",Evolve,Ice Floe Beach,Lower Brine Cave(B2F-B5F),0.5%,//archives.bulbagarden.net/media/upload/4/43/MDP_E_365.png
366,Clamperl,"Silver Trench(65F-79F), Far-off Sea(65F-75F)",8.5%,Deep-Sea Floor,"Surrounded Sea(B1F-B19F), Miracle Sea(B1F-B18F, Deep Miracle Sea B1F-B4F), Bottomless Sea(1F-25F)",8.2%,//archives.bulbagarden.net/media/upload/8/8e/MDP_E_366.png
367,Huntail,"Evolve, Clamperl",Evolve,Deep-Sea Floor,"Miracle Sea(B1F-B18F, Deep Miracle Sea B1F-B4F)",-12%,//archives.bulbagarden.net/media/upload/5/50/MDP_E_367.png
368,Gorebyss,"Evolve, Clamperl",Evolve,Deep-Sea Floor,"Miracle Sea(B1F-B18F, Deep Miracle Sea B1F-B4F)",-12%,//archives.bulbagarden.net/media/upload/7/75/MDP_E_368.png
369,Relicanth,Silver Trench(80F-89F),7.9%,Deep-Sea Floor,"Miracle Sea(B1F-B18F, Deep Miracle Sea B1F-B4F)",6.4%,//archives.bulbagarden.net/media/upload/8/84/MDP_E_369.png
370,Luvdisc,"Silver Trench(45F-54F), Far-off Sea(45F-54F)",8.6%,Treasure Sea,"Miracle Sea(B1F-B18F, Deep Miracle Sea B1F-B4F)",8.2%,//archives.bulbagarden.net/media/upload/8/8c/MDP_E_370.png
371,Bagon,"Lapis Cave(9F-13F), Wish Cave(45F-49F), Wyvern Hill(1F-4F), Joyous Tower(42F-45F)",7.6%,Dragon Cave,"Crystal Crossing(B1F-B7F), Final Maze(B1F-B48F)",6.4%,//archives.bulbagarden.net/media/upload/0/0f/MDP_E_371.png
372,Shelgon,"Mt. Freeze(1F-6F), Wish Cave(65F-69F), Wyvern Hill(9F-16F), Joyous Tower(60F-64F)",-19%,Dragon Cave,Sky Stairway(1F-49F),0.5%,//archives.bulbagarden.net/media/upload/c/c4/MDP_E_372.png
373,Salamence,"Evolve, Shelgon",Evolve,Dragon Cave,"Evolve, Shelgon",-10%,//archives.bulbagarden.net/media/upload/f/f8/MDP_E_373.png
374,Beldum,"Mt. Steel(6F-8F), Wish Cave(15F-17F), Solar Cave(1F-4F), Joyous Tower(14F-16F)",7.8%,Magnetic Quarry,Crystal Cave(B1F-B7F),6.4%,//archives.bulbagarden.net/media/upload/9/97/MDP_E_374.png
375,Metang,"Frosty Grotto(1F-4F), Wish Cave(62F-64F), Solar Cave(8F-12F), Joyous Tower(56F-61F)",-19%,Magnetic Quarry,Sky Stairway(1F-49F),0.5%,//archives.bulbagarden.net/media/upload/f/f6/MDP_E_375.png
376,Metagross,"Evolve, Metang",Evolve,Magnetic Quarry,"Evolve, Metang",-10%,//archives.bulbagarden.net/media/upload/f/f2/MDP_E_376.png
377,Regirock,Buried Relic(15F),0.1%,Ancient Relic,Aegis Cave(Rock Chamber),locked 50%,//archives.bulbagarden.net/media/upload/f/f9/MDP_E_377.png
378,Regice,Buried Relic(25F),0.1%,Ancient Relic,Aegis Cave(Ice Chamber),locked 50%,//archives.bulbagarden.net/media/upload/7/70/MDP_E_378.png
379,Registeel,Buried Relic(35F),0.1%,Ancient Relic,Aegis Cave(Steel Chamber),locked 50%,//archives.bulbagarden.net/media/upload/2/22/MDP_E_379.png
380,Latias,Pitfall Valley,Asks to join the team after being rescued,Southern Island,"Spacial Rift(, Happy Outlook(",0.1%,//archives.bulbagarden.net/media/upload/3/33/MDP_E_380.png
381,Latios,"Pokémon Squareafter completing, Pitfall Valley",Asks to join the team after rescuing Latias,Southern Island,"Deep Spacial Rift(, Midnight Forest(",0.1%,//archives.bulbagarden.net/media/upload/7/75/MDP_E_381.png
382,Kyogre,Stormy Sea(40F),50%,Seafloor Cave,Bottomless Sea(50F),locked 50%,//archives.bulbagarden.net/media/upload/7/7c/MDP_RT_382.png
383,Groudon,Magma CavernPit (B3),-10%,Volcanic Pit,Shimmer Desert(10F),locked 50%,//archives.bulbagarden.net/media/upload/c/cf/MDP_RT_383.png
384,Rayquaza,Sky TowerSummit (9F),-10%,Stratos Lookout,Sky Stairway(50F),locked 50%,//archives.bulbagarden.net/media/upload/8/81/MDP_E_384.png
385,Jirachi,Wish Cave(99F),99.9%,Mt. Moonview,Star Cave(Bottom),-12%,//archives.bulbagarden.net/media/upload/1/16/MDP_RT_385.png
386,Deoxys,Meteor Cave (20F),-10% (all formes),Enclosed Island,"Shimmer Hill (17F), (Mystery Part/Secret Slab needed)",-10% (all formes),//archives.bulbagarden.net/media/upload/1/19/MDP_RT_386.png
387,Turtwig,,,,"Starter Pokémon, Partner Pokémon, Mystifying Forest(1F-13F), Mystery Jungle(1F-29F), Happy Outlook(B1F-B15F)",8.2%,//archives.bulbagarden.net/media/upload/5/5c/MDP_E_387.png
388,Grotle,,,,"Mystifying Forest(1F-13F), Mystery Jungle(1F-29F)",-10%,//archives.bulbagarden.net/media/upload/4/45/MDP_E_388.png
389,Torterra,,,,"Mystifying Forest(1F-13F), Sky Peak(1st Station Pass 1F-6th Station Pass 3F), Mystery Jungle(1F-29F)",-12%,//archives.bulbagarden.net/media/upload/1/18/MDP_E_389.png
390,Chimchar,,,,"Starter Pokémon, Partner Pokémon, Dark Crater(B1F-B10F), Giant Volcano(1F-7F)",8.2%,//archives.bulbagarden.net/media/upload/9/99/MDP_E_390.png
391,Monferno,,,,"Dark Crater(B1F-B15F, Deep Dark Crater B1F-B5F), Giant Volcano(1F-19F)",-10%,//archives.bulbagarden.net/media/upload/8/8f/MDP_E_391.png
392,Infernape,,,,Deep Dark Crater(B6F-B14F),-12%,//archives.bulbagarden.net/media/upload/9/92/MDP_E_392.png
393,Piplup,,,,"Starter Pokémon, Blizzard Island(1F-20F), Crevice Cave(B1F-B10F, Lower Crevice Cave B1F-B4F), Mt. Avalanche(1F-19F)",8.2%,//archives.bulbagarden.net/media/upload/b/b2/MDP_E_393.png
394,Prinplup,,,,"Crevice Cave(B1F-B10F, Lower Crevice Cave B1F-B4F), Mt. Avalanche(1F-19F)",-10%,//archives.bulbagarden.net/media/upload/1/1a/MDP_E_394.png
395,Empoleon,,,,"Crevice Cave(B1F-B10F, Lower Crevice Cave B1F-B4F), Mt. Avalanche(1F-19F)",-12%,//archives.bulbagarden.net/media/upload/0/01/MDP_E_395.png
396,Starly,,,,"Mt. Bristle(1F-9F), Oran Forest(1F-4F)",8.2%,//archives.bulbagarden.net/media/upload/a/a6/MDP_E_396.png
397,Staravia,,,,"Tiny Meadow(1F-4F), Final Maze(B1F-B48F)",8.2%,//archives.bulbagarden.net/media/upload/d/d2/MDP_E_397.png
398,Staraptor,,,,Mt. Mistral(1F-19F),1.5%,//archives.bulbagarden.net/media/upload/6/61/MDP_E_398.png
399,Bidoof,,,,"Mystifying Forest(1F-13F), Mystery Jungle(1F-29F)",8.2%,//archives.bulbagarden.net/media/upload/5/53/MDP_E_399.png
400,Bibarel,,,,"Sky Peak(4th Station Pass 1F-9th Station Pass 2F), Mt. Travail(1F-19F)",3.5%,//archives.bulbagarden.net/media/upload/b/be/MDP_E_400.png
401,Kricketot,,,,Mystifying Forest(3F-8F),8.2%,//archives.bulbagarden.net/media/upload/c/cb/MDP_E_401.png
402,Kricketune,,,,"Steam Cave(1F-8F, Upper Steam Cave 1F-3F)",4.5%,//archives.bulbagarden.net/media/upload/d/d3/MDP_E_402.png
403,Shinx,,,,"Starter Pokémon, Partner Pokémon, Amp Plains(",8.2%,//archives.bulbagarden.net/media/upload/1/15/MDP_E_403.png
404,Luxio,,,,Far Amp Plains(,0.5%,//archives.bulbagarden.net/media/upload/8/8e/MDP_E_404.png
405,Luxray,,,,Far Amp Plains(5F-9F),-12%,//archives.bulbagarden.net/media/upload/f/fa/MDP_E_405.png
406,Budew,,,,"Apple Woods(1F-5F), Oran Forest(1F-4F), Happy Outlook(B1F-B19F)",8.2%,//archives.bulbagarden.net/media/upload/b/b8/MDP_E_406.png
407,Roserade,,,,Mystery Jungle(1F-29F),-12%,//archives.bulbagarden.net/media/upload/5/59/MDP_E_407.png
408,Cranidos,,,,Crystal Cave(B5F-B9F),8.2%,//archives.bulbagarden.net/media/upload/1/12/MDP_E_408.png
409,Rampardos,,,,"Evolve, Cranidos",1.5%,//archives.bulbagarden.net/media/upload/7/74/MDP_E_409.png
410,Shieldon,,,,Crystal Cave(B7F-B11F),8.2%,//archives.bulbagarden.net/media/upload/8/82/MDP_E_410.png
411,Bastiodon,,,,"Evolve, Shieldon",1.5%,//archives.bulbagarden.net/media/upload/6/60/MDP_E_411.png
412,Burmy,,,,"Lush Prairie(1F-5F), Apple Woods(1F-5F), Oran Forest(1F-4F)",8.2%,//archives.bulbagarden.net/media/upload/a/af/MDP_E_412.png
413,Wormadam,,,,"Plant Cloak: Crystal Crossing (B1F-B8F), Sandy Cloak: Crystal Cave (B1F-B11F), Trash Cloak: Landslide Cave (B1F-B12F)",8.2%,//archives.bulbagarden.net/media/upload/d/d6/MDP_E_413.png
414,Mothim,,,,"Sky Stairway(1F-49F), Mt. Mistral(1F-19F)",8.2%,//archives.bulbagarden.net/media/upload/4/49/MDP_E_414.png
415,Combee,,,,Apple Woods(6F-12F),6.4%,//archives.bulbagarden.net/media/upload/a/af/MDP_E_415.png
416,Vespiquen,,,,Treeshroud Forest(10F-20F),-4.5%,//archives.bulbagarden.net/media/upload/6/68/MDP_E_416.png
417,Pachirisu,,,,Foggy Forest(1F-11F),8.2%,//archives.bulbagarden.net/media/upload/7/72/MDP_E_417.png
418,Buizel,,,,Marine Resort(7F-11F),8.2%,//archives.bulbagarden.net/media/upload/c/ca/MDP_E_418.png
419,Floatzel,,,,Crystal Crossing(B1F-B7F),0.5%,//archives.bulbagarden.net/media/upload/8/8d/MDP_E_419.png
420,Cherubi,,,,Foggy Forest(1F-5F),8.2%,//archives.bulbagarden.net/media/upload/2/2b/MDP_E_420.png
421,Cherrim,,,,Treeshroud Forest(1F-9F),1.5%,//archives.bulbagarden.net/media/upload/9/95/MDP_E_421.png
422,Shellos,,,,"Drenched Bluff(B1F-B6F), Miracle Sea(B1F-B5F)",6.4%,//archives.bulbagarden.net/media/upload/6/6a/MDP_E_422.png
423,Gastrodon,,,,"Brine Cave(B1F-B9F, Lower Brine Cave B1F), Craggy Coast(B1F-B9F)",8.2%,//archives.bulbagarden.net/media/upload/7/79/MDP_E_423.png
424,Ambipom,,,,"Marine Resort(10F-19F), Sky Stairway(1F-30F)",8.2%,//archives.bulbagarden.net/media/upload/c/cb/MDP_E_424.png
425,Drifloon,,,,Sky Stairway(31F-49F),2.5%,//archives.bulbagarden.net/media/upload/a/ac/MDP_E_425.png
426,Drifblim,,,,Mt. Mistral(1F-19F),2.5%,//archives.bulbagarden.net/media/upload/8/85/MDP_E_426.png
427,Buneary,,,,Foggy Forest(6F-11F),8.2%,//archives.bulbagarden.net/media/upload/7/74/MDP_E_427.png
428,Lopunny,,,,Mystery Jungle(1F-29F),-12%,//archives.bulbagarden.net/media/upload/a/af/MDP_E_428.png
429,Mismagius,,,,"Deep Dark Crater(B7F-B14F), Mt. Mistral(1F-19F)",8.2%%,//archives.bulbagarden.net/media/upload/0/08/MDP_E_429.png
430,Honchkrow,,,,"Spacial Rift(B1F-B9F, B11F-B15F, Deep Spacial Rift B1F-B4F, B6F-B9F)",-12%,//archives.bulbagarden.net/media/upload/e/e1/MDP_E_430.png
431,Glameow,,,,Crystal Crossing(B7F-B13F),8.2%,//archives.bulbagarden.net/media/upload/8/8d/MDP_E_431.png
432,Purugly,,,,"Evolve, Glameow",-10%,//archives.bulbagarden.net/media/upload/6/6a/MDP_E_432.png
433,Chingling,,,,Drenched Bluff(B3F-B6F),8.2%,//archives.bulbagarden.net/media/upload/0/03/MDP_E_433.png
434,Stunky,,,,"Mystifying Forest(1F-13F), Mystery Jungle(1F-29F)",8.2%,//archives.bulbagarden.net/media/upload/3/3f/MDP_E_434.png
435,Skuntank,,,,"Mystifying Forest(1F-13F), Sky Peak(1st Station Pass 1F-8th Station Pass 1F), Mystery Jungle(1F-29F), Shimmer Hill(1F-17F)",0.5%,//archives.bulbagarden.net/media/upload/d/dd/MDP_E_435.png
436,Bronzor,,,,Spacial Rift(B7F-B12F),8.2%,//archives.bulbagarden.net/media/upload/3/38/MDP_E_436.png
437,Bronzong,,,,"Evolve, Bronzor",1.5%,//archives.bulbagarden.net/media/upload/1/17/MDP_E_437.png
438,Bonsly,,,,Mt. Horn(8F-14F),8.2%,//archives.bulbagarden.net/media/upload/7/7f/MDP_E_438.png
439,Mime Jr.,,,,Happy Outlook(B4F-B12F),8.2%,//archives.bulbagarden.net/media/upload/8/86/MDP_E_439.png
440,Happiny,,,,Happy Outlook(B1F-B19F),8.2%,//archives.bulbagarden.net/media/upload/e/eb/MDP_E_440.png
441,Chatot,,,,Spacial Rift(B1F-B6F),-10%,//archives.bulbagarden.net/media/upload/3/39/MDP_E_441.png
442,Spiritomb,,,,"Spacial Rift(B15F, Deep Spacial Rift B1F-B5F), Sky Stairway(7F-14F)",-10%,//archives.bulbagarden.net/media/upload/7/73/MDP_E_442.png
443,Gible,,,,Landslide Cave(B1F-B12F),8.2%,//archives.bulbagarden.net/media/upload/a/a8/MDP_E_443.png
444,Gabite,,,,Sky Stairway(1F-10F),8.2%,//archives.bulbagarden.net/media/upload/2/2b/MDP_E_444.png
445,Garchomp,,,,Shimmer Desert(3F-8F),0.5%,//archives.bulbagarden.net/media/upload/a/ac/MDP_E_445.png
446,Munchlax,,,,"Partner Pokémon, Mystifying Forest(1F-13F), Mystery Jungle(1F-29F)",8.2%,//archives.bulbagarden.net/media/upload/9/96/MDP_RT_446.png
447,Riolu,,,,"Starter Pokémon, Crystal Cave(",8.2%,//archives.bulbagarden.net/media/upload/a/af/MDP_E_447.png
448,Lucario,,,,"Lost Wilderness(B11F-B17F), Evolve Riolu (Sun Ribbon + 100 IQ)",-10%,//archives.bulbagarden.net/media/upload/e/e7/MDP_E_448.png
449,Hippopotas,,,,Quicksand Pit(B3F-B10F),8.2%,//archives.bulbagarden.net/media/upload/c/c7/MDP_E_449.png
450,Hippowdon,,,,Dark Crater(B1F-B10F),8.2%,//archives.bulbagarden.net/media/upload/9/90/MDP_E_450.png
451,Skorupi,,,,"Quicksand Cave(B1F-B10F, Quicksand Pit B1F-B5F), Final Maze(B1F-B48F)",8.2%,//archives.bulbagarden.net/media/upload/6/6a/MDP_E_451.png
452,Drapion,,,,Spacial Rift(B1F-B6F),-12%,//archives.bulbagarden.net/media/upload/1/1a/MDP_E_452.png
453,Croagunk,,,,"Marine Resort(1F-19F), Lost Wilderness(B1F-B17F)",8.2%,//archives.bulbagarden.net/media/upload/2/2c/MDP_E_453.png
454,Toxicroak,,,,"Spacial Rift(B7F-B15F, Deep Spacial Rift B1F-B9F)",-12%,//archives.bulbagarden.net/media/upload/4/46/MDP_E_454.png
455,Carnivine,,,,"Northern Desert(7F-15F), Final Maze(B1F-B48F)",8.2%,//archives.bulbagarden.net/media/upload/e/e9/MDP_E_455.png
456,Finneon,,,,"Surrounded Sea(B1F-B19F), Miracle Sea(B1F-B18F, Deep Miracle Sea B1F-B3F), Bottomless Sea(B1F-B49F)",8.2%,//archives.bulbagarden.net/media/upload/8/8e/MDP_E_456.png
457,Lumineon,,,,"Miracle Sea(B1F-B18F, Deep Miracle Sea B1F-B3F)",8.2%,//archives.bulbagarden.net/media/upload/2/21/MDP_E_457.png
458,Mantyke,,,,"Miracle Sea(B1F-B18F, Deep Miracle Sea B1F-B3F)",8.2%,//archives.bulbagarden.net/media/upload/1/18/MDP_E_458.png
459,Snover,,,,"Crevice Cave(B1F-B10F, Lower Crevice Cave B1F-B4F)",8.2%,//archives.bulbagarden.net/media/upload/e/e1/MDP_E_459.png
460,Abomasnow,,,,"Evolve, Snover",-10%,//archives.bulbagarden.net/media/upload/0/08/MDP_E_460.png
461,Weavile,,,,"Crevice Cave(B1F-B10F, Lower Crevice Cave B1F-B4F), Mt. Avalanche(1F-19F)",-12%,//archives.bulbagarden.net/media/upload/3/3c/MDP_E_461.png
462,Magnezone,,,,"Spacial Rift(B1F-B15F, Deep Spacial Rift B1F-B9F)",-12%,//archives.bulbagarden.net/media/upload/e/ea/MDP_E_462.png
463,Lickilicky,,,,Marine Resort(7F-19F),-12%,//archives.bulbagarden.net/media/upload/d/d5/MDP_E_463.png
464,Rhyperior,,,,"Deep Dark Crater(B1F-B14F), Shimmer Desert(5F-8F)",-12%,//archives.bulbagarden.net/media/upload/2/27/MDP_E_464.png
465,Tangrowth,,,,Sky Stairway(1F-49F),8.2%,//archives.bulbagarden.net/media/upload/5/53/MDP_E_465.png
466,Electivire,,,,"Spacial Rift (B1F-B15F, Deep Spacial Rift B1F-B9F)",-12%,//archives.bulbagarden.net/media/upload/7/77/MDP_E_466.png
467,Magmortar,,,,Deep Dark Crater(B5F-B14F),-10%,//archives.bulbagarden.net/media/upload/7/7b/MDP_E_467.png
468,Togekiss,,,,Sky Stairway(1F-49F),-12%,//archives.bulbagarden.net/media/upload/e/e4/MDP_E_468.png
469,Yanmega,,,,"Amp Plains(9F-10F, Far Amp Plains 1F-4F)",-10%,//archives.bulbagarden.net/media/upload/5/5e/MDP_E_469.png
470,Leafeon,,,,Sky Stairway(1F-49F),-10%,//archives.bulbagarden.net/media/upload/7/78/MDP_E_470.png
471,Glaceon,,,,"Crevice Cave(B1F-B10F, Lower Crevice Cave B1F-B4F)",-10%,//archives.bulbagarden.net/media/upload/7/7b/MDP_E_471.png
472,Gliscor,,,,"Sky Stairway(1F-49F), Mt. Mistral(1F-19F)",-4.5%,//archives.bulbagarden.net/media/upload/f/ff/MDP_E_472.png
473,Mamoswine,,,,"Crevice Cave(B1F-B10F, Lower Crevice Cave B1F-B4F), Mt. Avalanche(1F-19F)",-12%,//archives.bulbagarden.net/media/upload/2/28/MDP_E_473.png
474,Porygon-Z,,,,"Evolve, Porygon2",-4.5%,//archives.bulbagarden.net/media/upload/4/4f/MDP_E_474.png
475,Gallade,,,,Spacial Rift(B1F-B9F),-12%,//archives.bulbagarden.net/media/upload/7/76/MDP_E_475.png
476,Probopass,,,,Sky Stairway(1F-49F),8.2%,//archives.bulbagarden.net/media/upload/4/49/MDP_E_476.png
477,Dusknoir,,,,"Spacial Rift(B14F-B15F, Deep Spacial Rift B1F-B4F), Sky Stairway(49F)",8.2%,//archives.bulbagarden.net/media/upload/6/68/MDP_E_477.png
478,Froslass,,,,Crystal Crossing(9F-13F),-10%,//archives.bulbagarden.net/media/upload/d/d5/MDP_E_478.png
479,Rotom,,,,Midnight Forest(B10F-B20F),-12%,//archives.bulbagarden.net/media/upload/b/b0/MDP_E_479.png
480,Uxie,,,,Steam Cave(Peak),100%,//archives.bulbagarden.net/media/upload/8/84/MDP_E_480.png
481,Mesprit,,,,Quicksand Cave(Underground Lake),100%,//archives.bulbagarden.net/media/upload/2/25/MDP_E_481.png
482,Azelf,,,,Crystal Crossing(Crystal Lake),100%,//archives.bulbagarden.net/media/upload/d/db/MDP_E_482.png
483,Dialga,,,,Temporal Tower(Pinnacle),100%,//archives.bulbagarden.net/media/upload/b/b8/MDP_E_483.png
484,Palkia,,,,Spacial Rift (Bottom),100%,//archives.bulbagarden.net/media/upload/e/ea/MDP_E_484.png
485,Heatran,,,,Giant Volcano (Summit),locked 50%,//archives.bulbagarden.net/media/upload/6/64/MDP_E_485.png
486,Regigigas,,,,Aegis Cave (Regigigas Chamber) ,100%,//archives.bulbagarden.net/media/upload/c/cf/MDP_E_486.png
487,Giratina,,,,World Abyss (Pit),locked 50%,//archives.bulbagarden.net/media/upload/e/e6/MDP_E_487.png
488,Cresselia,,,,Sharpedo Bluff,100%,//archives.bulbagarden.net/media/upload/c/c5/MDP_E_488.png
489,Phione,,,,Miracle Sea(Bottom),100%,//archives.bulbagarden.net/media/upload/c/cc/MDP_E_489.png
490,Manaphy,,,,"Sharpedo Bluff(after finding, Wonder Eggin, Surrounded Sea)",100%,//archives.bulbagarden.net/media/upload/5/5d/MDP_E_490.png
491,Darkrai,,,,"Mystifying Forest(13F), Lower Crevice Cave(B2F), Miracle Sea(B3F), Mt. Travail(17F), Spacial Rift(B14F) (with, Mystery Part or Secret Slabin the bag)",-22%,//archives.bulbagarden.net/media/upload/f/f9/MDP_E_491.png
492,Shaymin,,,,Sky Peak (Top),100%,//archives.bulbagarden.net/media/upload/c/cd/MDP_E_492.png
